Data;Último;Abertura;Máxima;Mínima;Vol.;Var%;Covid
04/01/2016;4.22;4.35;4.37;4.22;27970000.00;-0.04;0
05/01/2016;4.29;4.28;4.31;4.23;15310000.00;0.02;0
06/01/2016;4.33;4.23;4.41;4.21;33250000.00;0.01;0
07/01/2016;4.27;4.25;4.31;4.21;22800000.00;-0.01;0
08/01/2016;4.27;4.31;4.34;4.24;14370000.00;0.00;0
11/01/2016;4.21;4.28;4.3;4.18;23000000.00;-0.01;0
12/01/2016;4.16;4.27;4.32;4.16;23800000.00;-0.01;0
13/01/2016;4.18;4.23;4.25;4.14;17790000.00;0.00;0
14/01/2016;4.19;4.19;4.23;4.09;30920000.00;0.00;0
15/01/2016;4.12;4.14;4.16;4.08;25520000.00;-0.02;0
18/01/2016;4.11;4.12;4.16;4.08;21530000.00;0.00;0
19/01/2016;4.06;4.18;4.19;4.06;13780000.00;-0.01;0
20/01/2016;4.02;4.02;4.06;4;25890000.00;-0.01;0
21/01/2016;4.03;4.02;4.07;4;17000000.00;0.00;0
22/01/2016;4.09;4.07;4.12;4.05;19290000.00;0.01;0
26/01/2016;4.16;4.05;4.16;4;27710000.00;0.02;0
27/01/2016;4.16;4.12;4.25;4.09;28120000.00;0.00;0
28/01/2016;4.25;4.18;4.25;4.14;31620000.00;0.02;0
29/01/2016;4.4;4.27;4.41;4.27;35090000.00;0.04;0
01/02/2016;4.43;4.39;4.43;4.32;22230000.00;0.01;0
02/02/2016;4.06;4.19;4.25;4.06;38160000.00;-0.08;0
03/02/2016;4.27;4.13;4.28;4.11;22450000.00;0.05;0
04/02/2016;4.34;4.32;4.44;4.21;41780000.00;0.02;0
05/02/2016;4.34;4.33;4.41;4.32;22410000.00;0.00;0
10/02/2016;4.34;4.27;4.36;4.26;8130000.00;0.00;0
11/02/2016;4.25;4.3;4.3;4.19;17610000.00;-0.02;0
12/02/2016;4.25;4.28;4.3;4.21;14070000.00;0.00;0
15/02/2016;4.26;4.34;4.34;4.26;8940000.00;0.00;0
16/02/2016;4.32;4.27;4.39;4.25;30920000.00;0.01;0
17/02/2016;4.34;4.34;4.47;4.31;43030000.00;0.00;0
18/02/2016;4.27;4.31;4.32;4.23;15900000.00;-0.02;0
19/02/2016;4.27;4.26;4.31;4.21;29980000.00;0.00;0
22/02/2016;4.42;4.41;4.48;4.35;32530000.00;0.04;0
23/02/2016;4.41;4.38;4.47;4.36;16430000.00;0.00;0
24/02/2016;4.38;4.35;4.38;4.29;12930000.00;-0.01;0
25/02/2016;4.41;4.36;4.43;4.33;23910000.00;0.01;0
26/02/2016;4.37;4.46;4.47;4.36;17610000.00;-0.01;0
29/02/2016;4.48;4.44;4.5;4.4;29550000.00;0.03;0
01/03/2016;4.68;4.55;4.7;4.52;30180000.00;0.04;0
02/03/2016;4.75;4.68;4.76;4.64;30930000.00;0.02;0
03/03/2016;5.14;4.78;5.15;4.76;73950000.00;0.08;0
04/03/2016;5.34;5.44;5.58;5.21;83980000.00;0.04;0
07/03/2016;5.28;5.38;5.4;5.15;28730000.00;-0.01;0
08/03/2016;5.46;5.26;5.51;5.2;43730000.00;0.03;0
09/03/2016;5.33;5.51;5.56;5.33;52850000.00;-0.02;0
10/03/2016;5.53;5.44;5.63;5.3;53090000.00;0.04;0
11/03/2016;5.63;5.55;5.67;5.49;46000000.00;0.02;0
14/03/2016;5.59;5.67;5.76;5.58;47370000.00;-0.01;0
15/03/2016;5.26;5.34;5.5;5.21;42290000.00;-0.06;0
16/03/2016;5.13;5.23;5.23;5.03;45340000.00;-0.02;0
17/03/2016;5.66;5.51;5.73;5.4;67920000.00;0.10;0
18/03/2016;5.65;5.67;5.73;5.53;33570000.00;0.00;0
21/03/2016;5.73;5.68;5.75;5.61;23950000.00;0.01;0
22/03/2016;5.52;5.73;5.73;5.52;25010000.00;-0.04;0
23/03/2016;5.36;5.46;5.49;5.32;22020000.00;-0.03;0
24/03/2016;5.36;5.26;5.36;5.24;19990000.00;0.00;0
28/03/2016;5.57;5.51;5.57;5.45;20170000.00;0.04;0
29/03/2016;5.63;5.57;5.7;5.46;34000000.00;0.01;0
30/03/2016;5.58;5.68;5.73;5.51;31140000.00;-0.01;0
31/03/2016;5.38;5.53;5.53;5.32;29970000.00;-0.04;0
01/04/2016;5.38;5.32;5.44;5.26;41910000.00;0.00;0
04/04/2016;5.2;5.32;5.34;5.16;34450000.00;-0.03;0
05/04/2016;5.18;5.19;5.32;5.1;25680000.00;0.00;0
06/04/2016;5.04;5.14;5.2;5;49400000.00;-0.03;0
07/04/2016;5.11;5.12;5.19;5.07;24960000.00;0.01;0
08/04/2016;5.42;5.23;5.45;5.22;29300000.00;0.06;0
11/04/2016;5.43;5.47;5.53;5.42;19380000.00;0.00;0
12/04/2016;5.68;5.46;5.69;5.46;34140000.00;0.05;0
13/04/2016;5.71;5.75;5.84;5.7;39940000.00;0.01;0
14/04/2016;5.59;5.75;5.78;5.57;35660000.00;-0.02;0
15/04/2016;5.68;5.63;5.71;5.63;23920000.00;0.02;0
18/04/2016;5.63;5.63;5.71;5.47;19710000.00;-0.01;0
19/04/2016;5.63;5.67;5.75;5.61;17920000.00;0.00;0
20/04/2016;5.51;5.59;5.59;5.46;25810000.00;-0.02;0
22/04/2016;5.46;5.44;5.49;5.36;17780000.00;-0.01;0
25/04/2016;5.4;5.46;5.49;5.38;14920000.00;-0.01;0
26/04/2016;5.6;5.44;5.6;5.4;10010000.00;0.04;0
27/04/2016;5.74;5.6;5.78;5.59;24980000.00;0.03;0
28/04/2016;5.73;5.73;5.87;5.65;29590000.00;0.00;0
29/04/2016;5.71;5.75;5.79;5.61;25980000.00;0.00;0
02/05/2016;5.58;5.74;5.74;5.55;32080000.00;-0.02;0
03/05/2016;5.28;5.43;5.43;5.27;34150000.00;-0.05;0
04/05/2016;5.36;5.3;5.38;5.26;28100000.00;0.02;0
05/05/2016;5.31;5.41;5.44;5.24;10930000.00;-0.01;0
06/05/2016;5.33;5.26;5.38;5.25;14900000.00;0.00;0
09/05/2016;5.4;5.29;5.46;5.12;28000000.00;0.01;0
10/05/2016;5.65;5.49;5.69;5.46;17760000.00;0.05;0
11/05/2016;5.62;5.77;5.81;5.54;20490000.00;-0.01;0
12/05/2016;5.68;5.7;5.76;5.55;28970000.00;0.01;0
13/05/2016;5.55;5.67;5.68;5.42;30960000.00;-0.02;0
16/05/2016;5.52;5.51;5.59;5.49;16390000.00;-0.01;0
17/05/2016;5.35;5.53;5.57;5.31;23260000.00;-0.03;0
18/05/2016;5.35;5.3;5.52;5.27;30740000.00;0.00;0
19/05/2016;5.38;5.28;5.41;5.24;21030000.00;0.01;0
20/05/2016;5.31;5.44;5.46;5.27;13430000.00;-0.01;0
23/05/2016;5.33;5.27;5.38;5.18;23250000.00;0.00;0
24/05/2016;5.28;5.38;5.46;5.24;14490000.00;-0.01;0
25/05/2016;5.27;5.35;5.38;5.26;23930000.00;0.00;0
27/05/2016;5.27;5.28;5.35;5.25;22590000.00;0.00;0
30/05/2016;5.26;5.26;5.31;5.23;4130000.00;0.00;0
31/05/2016;5.17;5.26;5.3;5.14;39970000.00;-0.02;0
01/06/2016;5.29;5.18;5.29;5.11;34980000.00;0.02;0
02/06/2016;5.3;5.3;5.35;5.21;21550000.00;0.00;0
03/06/2016;5.34;5.35;5.4;5.29;14820000.00;0.01;0
06/06/2016;5.27;5.34;5.37;5.21;19340000.00;-0.01;0
07/06/2016;5.36;5.24;5.37;5.21;22900000.00;0.02;0
08/06/2016;5.45;5.38;5.5;5.38;25840000.00;0.02;0
09/06/2016;5.49;5.42;5.52;5.38;20840000.00;0.01;0
10/06/2016;5.2;5.44;5.44;5.2;27130000.00;-0.05;0
13/06/2016;5.25;5.19;5.26;5.15;14820000.00;0.01;0
14/06/2016;5.15;5.24;5.29;5.09;32650000.00;-0.02;0
15/06/2016;5.14;5.16;5.27;5.06;29070000.00;0.00;0
16/06/2016;5.26;5.08;5.31;5.05;31180000.00;0.02;0
17/06/2016;5.19;5.32;5.34;5.19;24960000.00;-0.01;0
20/06/2016;5.27;5.31;5.33;5.26;21150000.00;0.02;0
21/06/2016;5.22;5.21;5.24;5.13;18390000.00;-0.01;0
22/06/2016;5.18;5.24;5.3;5.15;11730000.00;-0.01;0
23/06/2016;5.37;5.24;5.39;5.21;14380000.00;0.04;0
24/06/2016;5.24;5.2;5.29;5.16;16670000.00;-0.02;0
27/06/2016;5.08;5.25;5.27;5.08;22710000.00;-0.03;0
28/06/2016;5.22;5.17;5.22;5.14;31290000.00;0.03;0
29/06/2016;5.35;5.27;5.37;5.26;18760000.00;0.02;0
30/06/2016;5.51;5.34;5.53;5.32;35980000.00;0.03;0
01/07/2016;5.56;5.54;5.58;5.44;22110000.00;0.01;0
04/07/2016;5.56;5.58;5.6;5.49;7490000.00;0.00;0
05/07/2016;5.49;5.48;5.53;5.44;11350000.00;-0.01;0
06/07/2016;5.46;5.45;5.5;5.36;12220000.00;-0.01;0
07/07/2016;5.51;5.49;5.54;5.44;25370000.00;0.01;0
08/07/2016;5.66;5.56;5.67;5.55;26010000.00;0.03;0
11/07/2016;5.67;5.69;5.72;5.64;13530000.00;0.00;0
12/07/2016;5.58;5.71;5.74;5.58;17220000.00;-0.02;0
13/07/2016;5.72;5.58;5.74;5.58;14210000.00;0.03;0
14/07/2016;5.97;5.75;5.98;5.75;42010000.00;0.04;0
15/07/2016;5.94;5.98;5.98;5.85;24920000.00;-0.01;0
18/07/2016;6.07;5.97;6.09;5.93;19960000.00;0.02;0
19/07/2016;6.11;6.06;6.12;6.01;28040000.00;0.01;0
20/07/2016;6.09;6.14;6.19;6.02;27350000.00;0.00;0
21/07/2016;6.03;6.1;6.12;5.94;19180000.00;-0.01;0
22/07/2016;6.04;5.99;6.06;5.98;18620000.00;0.00;0
25/07/2016;6.01;6.06;6.1;5.95;21820000.00;-0.01;0
26/07/2016;5.96;6.04;6.09;5.94;15200000.00;-0.01;0
27/07/2016;6.05;5.98;6.06;5.97;18190000.00;0.02;0
28/07/2016;5.98;6.02;6.04;5.92;29840000.00;-0.01;0
29/07/2016;6.07;5.93;6.11;5.93;16680000.00;0.02;0
01/08/2016;6;6.09;6.16;5.95;20080000.00;-0.01;0
02/08/2016;6.04;5.97;6.14;5.96;22230000.00;0.01;0
03/08/2016;6.27;6;6.27;6;33670000.00;0.04;0
04/08/2016;6.29;6.29;6.4;6.27;20900000.00;0.00;0
05/08/2016;6.27;6.33;6.34;6.22;21970000.00;0.00;0
08/08/2016;6.22;6.25;6.3;6.18;13010000.00;-0.01;0
09/08/2016;6.22;6.26;6.34;6.22;17900000.00;0.00;0
10/08/2016;6.14;6.26;6.29;6.07;31650000.00;-0.01;0
11/08/2016;6.31;6.17;6.31;6.14;20320000.00;0.03;0
12/08/2016;6.32;6.3;6.37;6.25;16940000.00;0.00;0
15/08/2016;6.43;6.38;6.49;6.35;12130000.00;0.02;0
16/08/2016;6.36;6.4;6.44;6.33;41880000.00;-0.01;0
17/08/2016;6.46;6.36;6.47;6.27;26930000.00;0.02;0
18/08/2016;6.49;6.43;6.5;6.38;16380000.00;0.00;0
19/08/2016;6.43;6.48;6.49;6.39;8420000.00;-0.01;0
22/08/2016;6.26;6.43;6.43;6.24;14140000.00;-0.03;0
23/08/2016;6.27;6.33;6.34;6.2;22610000.00;0.00;0
24/08/2016;6.24;6.23;6.3;6.18;17940000.00;0.00;0
25/08/2016;6.23;6.26;6.31;6.21;8140000.00;0.00;0
26/08/2016;6.29;6.27;6.38;6.2;17610000.00;0.01;0
29/08/2016;6.38;6.27;6.43;6.27;16840000.00;0.01;0
30/08/2016;6.4;6.39;6.42;6.33;11950000.00;0.00;0
31/08/2016;6.3;6.41;6.46;6.24;21530000.00;-0.02;0
01/09/2016;6.36;6.29;6.42;6.26;30620000.00;0.01;0
02/09/2016;6.45;6.39;6.45;6.39;19350000.00;0.01;0
05/09/2016;6.42;6.47;6.49;6.39;9420000.00;0.00;0
06/09/2016;6.48;6.46;6.48;6.36;17430000.00;0.01;0
08/09/2016;6.39;6.42;6.45;6.38;23430000.00;-0.01;0
09/09/2016;6.09;6.33;6.34;6.06;31190000.00;-0.05;0
12/09/2016;6.15;6.06;6.2;6.03;18570000.00;0.01;0
13/09/2016;6.12;6.11;6.15;5.96;32780000.00;0.00;0
14/09/2016;6.05;6.13;6.15;6.03;28200000.00;-0.01;0
15/09/2016;6.19;6.05;6.26;6.05;44210000.00;0.02;0
16/09/2016;6.12;6.19;6.19;6.04;29090000.00;-0.01;0
19/09/2016;6.13;6.17;6.23;6.12;11860000.00;0.00;0
20/09/2016;6.17;6.17;6.22;6.15;13860000.00;0.01;0
21/09/2016;6.2;6.23;6.24;6.08;18710000.00;0.00;0
22/09/2016;6.3;6.25;6.34;6.21;19760000.00;0.02;0
23/09/2016;6.25;6.29;6.3;6.19;14490000.00;-0.01;0
26/09/2016;6.17;6.18;6.22;6.15;13330000.00;-0.01;0
27/09/2016;6.26;6.19;6.27;6.1;26730000.00;0.01;0
28/09/2016;6.33;6.26;6.34;6.22;19970000.00;0.01;0
29/09/2016;6.15;6.34;6.36;6.15;31150000.00;-0.03;0
30/09/2016;6.12;6.18;6.2;6.11;24410000.00;0.00;0
03/10/2016;6.23;6.13;6.26;6.12;14980000.00;0.02;0
04/10/2016;6.15;6.17;6.22;6.04;99300000.00;-0.01;0
05/10/2016;6.23;6.14;6.28;6.12;44240000.00;0.01;0
06/10/2016;6.33;6.24;6.34;6.22;38500000.00;0.02;0
07/10/2016;6.4;6.35;6.42;6.33;35140000.00;0.01;0
10/10/2016;6.5;6.46;6.5;6.45;28870000.00;0.02;0
11/10/2016;6.43;6.5;6.5;6.4;21540000.00;-0.01;0
13/10/2016;6.43;6.4;6.47;6.37;34320000.00;0.00;0
14/10/2016;6.53;6.48;6.58;6.45;28450000.00;0.02;0
17/10/2016;6.59;6.56;6.62;6.53;27000000.00;0.01;0
18/10/2016;6.68;6.63;6.7;6.56;32700000.00;0.01;0
19/10/2016;6.64;6.69;6.73;6.62;23640000.00;-0.01;0
20/10/2016;6.67;6.61;6.77;6.56;22330000.00;0.00;0
21/10/2016;6.62;6.62;6.69;6.59;15320000.00;-0.01;0
24/10/2016;6.58;6.64;6.69;6.57;18390000.00;-0.01;0
25/10/2016;6.49;6.57;6.6;6.42;15970000.00;-0.01;0
26/10/2016;6.5;6.47;6.57;6.45;12690000.00;0.00;0
27/10/2016;6.64;6.52;6.69;6.52;26720000.00;0.02;0
28/10/2016;6.66;6.64;6.7;6.56;21210000.00;0.00;0
31/10/2016;6.93;6.69;6.93;6.68;38190000.00;0.04;0
01/11/2016;6.78;6.95;6.97;6.75;28910000.00;-0.02;0
03/11/2016;6.64;6.74;6.85;6.63;23010000.00;-0.02;0
04/11/2016;6.78;6.64;6.88;6.62;29640000.00;0.02;0
07/11/2016;6.94;6.91;7;6.88;21110000.00;0.02;0
08/11/2016;6.97;6.94;7.07;6.91;25560000.00;0.00;0
09/11/2016;6.83;6.64;6.97;6.64;22070000.00;-0.02;0
10/11/2016;6.48;6.83;6.86;6.38;44270000.00;-0.05;0
11/11/2016;6.3;6.33;6.54;6.25;48980000.00;-0.03;0
14/11/2016;6.29;6.28;6.45;6.2;29510000.00;0.00;0
16/11/2016;6.5;6.39;6.51;6.34;26780000.00;0.03;0
17/11/2016;6.34;6.53;6.57;6.31;32450000.00;-0.02;0
18/11/2016;6.45;6.33;6.56;6.33;18450000.00;0.02;0
21/11/2016;6.51;6.51;6.59;6.48;22750000.00;0.01;0
22/11/2016;6.51;6.59;6.65;6.43;28120000.00;0.00;0
23/11/2016;6.39;6.49;6.53;6.39;23560000.00;-0.02;0
24/11/2016;6.34;6.42;6.45;6.34;8970000.00;-0.01;0
25/11/2016;6.31;6.31;6.33;6.23;12960000.00;0.00;0
28/11/2016;6.37;6.32;6.42;6.26;15990000.00;0.01;0
29/11/2016;6.25;6.35;6.39;6.25;16610000.00;-0.02;0
30/11/2016;6.32;6.32;6.42;6.3;29310000.00;0.01;0
01/12/2016;6.01;6.22;6.23;5.96;34540000.00;-0.05;0
02/12/2016;6.03;5.98;6.14;5.93;24080000.00;0.00;0
05/12/2016;6;6.06;6.09;5.97;14650000.00;-0.01;0
06/12/2016;6.13;5.97;6.16;5.94;16190000.00;0.02;0
07/12/2016;6.15;6.18;6.21;6.11;19970000.00;0.00;0
08/12/2016;6.14;6.2;6.22;6.1;15610000.00;0.00;0
09/12/2016;6.18;6.17;6.25;6.13;19250000.00;0.01;0
12/12/2016;5.94;6.1;6.13;5.92;19060000.00;-0.04;0
13/12/2016;5.96;5.92;6.06;5.92;23300000.00;0.00;0
14/12/2016;5.93;5.96;6.06;5.93;21710000.00;-0.01;0
15/12/2016;5.93;5.93;6.03;5.87;20840000.00;0.00;0
16/12/2016;5.9;5.99;6.01;5.88;15580000.00;-0.01;0
19/12/2016;5.8;5.92;5.95;5.78;21490000.00;-0.02;0
20/12/2016;5.85;5.88;5.92;5.8;18050000.00;0.01;0
21/12/2016;5.85;5.88;5.9;5.81;13580000.00;0.00;0
22/12/2016;5.9;5.88;5.95;5.82;18500000.00;0.01;0
23/12/2016;6.02;6;6.09;5.99;21110000.00;0.02;0
26/12/2016;6.09;6.05;6.12;6.04;5900000.00;0.01;0
27/12/2016;6.07;6.12;6.12;6.05;5710000.00;0.00;0
28/12/2016;6.15;6.04;6.21;6.04;11710000.00;0.01;0
29/12/2016;6.31;6.17;6.31;6.15;15880000.00;0.03;0
02/01/2017;6.25;6.25;6.28;6.22;4640000.00;-0.01;0
03/01/2017;6.53;6.28;6.53;6.28;19080000.00;0.04;0
04/01/2017;6.57;6.48;6.57;6.47;9720000.00;0.01;0
05/01/2017;6.63;6.58;6.7;6.52;17510000.00;0.01;0
06/01/2017;6.6;6.63;6.66;6.55;12360000.00;0.00;0
09/01/2017;6.67;6.59;6.72;6.54;10370000.00;0.01;0
10/01/2017;6.63;6.7;6.74;6.57;10510000.00;-0.01;0
11/01/2017;6.67;6.65;6.7;6.58;13950000.00;0.01;0
12/01/2017;6.86;6.8;6.92;6.79;24400000.00;0.03;0
13/01/2017;6.79;6.8;6.92;6.72;11750000.00;-0.01;0
16/01/2017;6.79;6.79;6.83;6.74;10750000.00;0.00;0
17/01/2017;6.92;6.79;6.98;6.78;16530000.00;0.02;0
18/01/2017;6.89;6.98;6.98;6.85;16080000.00;0.00;0
19/01/2017;6.88;6.9;6.92;6.82;11310000.00;0.00;0
20/01/2017;6.95;6.89;6.98;6.88;13350000.00;0.01;0
23/01/2017;7.13;6.95;7.13;6.93;15180000.00;0.03;0
24/01/2017;7.05;7.12;7.14;7.02;16940000.00;-0.01;0
26/01/2017;7.08;7.12;7.14;7.02;19870000.00;0.00;0
27/01/2017;7.07;7.09;7.14;7.05;11330000.00;0.00;0
30/01/2017;6.98;7.05;7.06;6.92;13420000.00;-0.01;0
31/01/2017;7.07;7.02;7.12;6.93;23020000.00;0.01;0
01/02/2017;7.1;7.11;7.14;7.05;19150000.00;0.00;0
02/02/2017;7.09;7.05;7.12;6.9;14610000.00;0.00;0
03/02/2017;7.23;7.08;7.28;7.06;18100000.00;0.02;0
06/02/2017;7.12;7.24;7.3;7.12;15100000.00;-0.02;0
07/02/2017;7.22;7.27;7.41;7.2;20160000.00;0.01;0
08/02/2017;7.28;7.24;7.3;7.14;15910000.00;0.01;0
09/02/2017;7.34;7.32;7.44;7.26;15520000.00;0.01;0
10/02/2017;7.4;7.36;7.43;7.3;20950000.00;0.01;0
13/02/2017;7.39;7.41;7.44;7.31;14640000.00;0.00;0
14/02/2017;7.36;7.42;7.42;7.33;22930000.00;0.00;0
15/02/2017;7.64;7.41;7.66;7.39;26290000.00;0.04;0
16/02/2017;7.62;7.6;7.69;7.59;25860000.00;0.00;0
17/02/2017;7.74;7.56;7.77;7.52;21220000.00;0.02;0
20/02/2017;7.85;7.77;7.89;7.74;10130000.00;0.01;0
21/02/2017;8.03;7.95;8.03;7.9;20620000.00;0.02;0
22/02/2017;8.07;8.01;8.08;7.97;20620000.00;0.01;0
23/02/2017;7.97;8.08;8.2;7.88;19760000.00;-0.01;0
24/02/2017;7.83;7.89;7.94;7.8;13280000.00;-0.02;0
01/03/2017;7.8;7.92;7.96;7.78;15630000.00;0.00;0
02/03/2017;7.7;7.81;7.83;7.69;17860000.00;-0.01;0
03/03/2017;7.8;7.74;7.8;7.7;9550000.00;0.01;0
06/03/2017;7.86;7.8;7.86;7.71;14220000.00;0.01;0
07/03/2017;7.74;7.87;7.87;7.74;9330000.00;-0.02;0
08/03/2017;7.6;7.78;7.79;7.56;12470000.00;-0.02;0
09/03/2017;7.52;7.6;7.65;7.48;17890000.00;-0.01;0
10/03/2017;7.56;7.56;7.7;7.54;23920000.00;0.01;0
13/03/2017;7.67;7.61;7.74;7.57;9180000.00;0.01;0
14/03/2017;7.58;7.64;7.74;7.58;13420000.00;-0.01;0
15/03/2017;7.77;7.65;7.78;7.55;19270000.00;0.03;0
16/03/2017;7.77;7.79;7.83;7.7;15810000.00;0.00;0
17/03/2017;7.63;7.79;7.84;7.61;30390000.00;-0.02;0
20/03/2017;7.61;7.61;7.65;7.52;15570000.00;0.00;0
21/03/2017;7.35;7.6;7.62;7.28;27160000.00;-0.03;0
22/03/2017;7.53;7.35;7.53;7.31;22780000.00;0.02;0
23/03/2017;7.47;7.49;7.55;7.42;14850000.00;-0.01;0
24/03/2017;7.54;7.47;7.6;7.47;8110000.00;0.01;0
27/03/2017;7.61;7.52;7.61;7.42;8240000.00;0.01;0
28/03/2017;7.56;7.61;7.63;7.49;17250000.00;-0.01;0
29/03/2017;7.63;7.56;7.64;7.52;17970000.00;0.01;0
30/03/2017;7.53;7.65;7.69;7.5;18120000.00;-0.01;0
31/03/2017;7.42;7.52;7.56;7.42;17700000.00;-0.01;0
03/04/2017;7.48;7.46;7.5;7.41;9890000.00;0.01;0
04/04/2017;7.58;7.48;7.59;7.46;13470000.00;0.01;0
05/04/2017;7.49;7.58;7.61;7.45;11790000.00;-0.01;0
06/04/2017;7.39;7.49;7.51;7.35;10870000.00;-0.01;0
07/04/2017;7.43;7.41;7.52;7.38;11150000.00;0.01;0
10/04/2017;7.46;7.47;7.52;7.38;26710000.00;0.00;0
11/04/2017;7.49;7.49;7.6;7.39;20710000.00;0.00;0
12/04/2017;7.45;7.47;7.55;7.42;23590000.00;-0.01;0
13/04/2017;7.27;7.43;7.47;7.26;22540000.00;-0.02;0
17/04/2017;7.46;7.29;7.49;7.29;18840000.00;0.03;0
18/04/2017;7.52;7.43;7.59;7.41;18650000.00;0.01;0
19/04/2017;7.4;7.56;7.57;7.4;14590000.00;-0.02;0
20/04/2017;7.34;7.45;7.49;7.31;16340000.00;-0.01;0
24/04/2017;7.52;7.45;7.52;7.41;18380000.00;0.02;0
25/04/2017;7.53;7.46;7.54;7.43;15310000.00;0.00;0
26/04/2017;7.51;7.49;7.64;7.49;15860000.00;0.00;0
27/04/2017;7.6;7.57;7.67;7.56;10320000.00;0.01;0
28/04/2017;7.72;7.59;7.72;7.57;15020000.00;0.02;0
02/05/2017;7.87;7.75;7.88;7.73;19090000.00;0.02;0
03/05/2017;7.79;7.89;7.92;7.75;13780000.00;-0.01;0
04/05/2017;7.61;7.8;7.83;7.57;18490000.00;-0.02;0
05/05/2017;7.82;7.63;7.82;7.62;11460000.00;0.03;0
08/05/2017;7.81;7.82;7.86;7.74;16720000.00;0.00;0
09/05/2017;7.83;7.84;7.85;7.77;9810000.00;0.00;0
10/05/2017;7.88;7.86;7.9;7.82;16600000.00;0.01;0
11/05/2017;8.02;7.92;8.03;7.9;14710000.00;0.02;0
12/05/2017;8.04;8.06;8.13;8.02;13780000.00;0.00;0
15/05/2017;8.04;8.04;8.09;7.99;15420000.00;0.00;0
16/05/2017;8.02;8.04;8.09;7.97;29150000.00;0.00;0
17/05/2017;7.86;8;8.02;7.8;19570000.00;-0.02;0
18/05/2017;7.1;6.74;7.26;6.66;67540000.00;-0.10;0
19/05/2017;7.15;7.22;7.38;7.1;37470000.00;0.01;0
22/05/2017;6.95;7.11;7.11;6.88;29580000.00;-0.03;0
23/05/2017;7.03;7;7.13;6.99;20230000.00;0.01;0
24/05/2017;7.03;7.13;7.2;7.03;28540000.00;0.00;0
25/05/2017;6.87;7.06;7.12;6.84;36020000.00;-0.02;0
26/05/2017;7;6.92;7.06;6.92;27810000.00;0.02;0
29/05/2017;6.99;6.98;7.01;6.92;8640000.00;0.00;0
30/05/2017;7.05;7;7.07;7;9310000.00;0.01;0
31/05/2017;6.99;7.05;7.08;6.93;20600000.00;-0.01;0
01/06/2017;6.84;7.03;7.05;6.83;15500000.00;-0.02;0
02/06/2017;6.88;6.9;6.93;6.83;14100000.00;0.01;0
05/06/2017;6.85;6.84;6.94;6.8;8170000.00;0.00;0
06/06/2017;6.94;6.86;6.99;6.86;11960000.00;0.01;0
07/06/2017;7.06;7.01;7.11;6.99;13680000.00;0.02;0
08/06/2017;7.01;7.04;7.08;6.96;13450000.00;-0.01;0
09/06/2017;6.89;7.04;7.08;6.88;14510000.00;-0.02;0
12/06/2017;6.89;6.9;6.92;6.77;12770000.00;0.00;0
13/06/2017;6.94;6.91;6.96;6.89;10060000.00;0.01;0
14/06/2017;7.01;6.97;7.08;6.94;25970000.00;0.01;0
16/06/2017;7.04;6.96;7.07;6.93;22180000.00;0.00;0
19/06/2017;7.05;7.04;7.11;7.01;9900000.00;0.00;0
20/06/2017;6.87;7.04;7.04;6.83;19010000.00;-0.03;0
21/06/2017;6.83;6.9;6.93;6.81;8960000.00;-0.01;0
22/06/2017;6.85;6.87;6.88;6.8;15400000.00;0.00;0
23/06/2017;6.78;6.87;6.88;6.78;13020000.00;-0.01;0
26/06/2017;6.96;6.84;7;6.81;15480000.00;0.03;0
27/06/2017;6.83;6.95;6.99;6.83;16650000.00;-0.02;0
28/06/2017;6.89;6.86;6.94;6.83;12380000.00;0.01;0
29/06/2017;6.98;6.93;7;6.87;9860000.00;0.01;0
30/06/2017;7.05;7.04;7.07;7;11070000.00;0.01;0
03/07/2017;7.05;7.07;7.08;7.03;10000000.00;0.00;0
04/07/2017;7.04;7.04;7.08;7.04;6460000.00;0.00;0
05/07/2017;7.12;7.06;7.15;7.04;19750000.00;0.01;0
06/07/2017;7.02;7.12;7.14;6.99;9540000.00;-0.01;0
07/07/2017;7.01;7.05;7.08;6.97;20060000.00;0.00;0
10/07/2017;7.08;7.04;7.09;7.02;9300000.00;0.01;0
11/07/2017;7.18;7.08;7.18;7.04;10890000.00;0.01;0
12/07/2017;7.19;7.21;7.23;7.07;32060000.00;0.00;0
13/07/2017;7.22;7.21;7.26;7.18;18320000.00;0.00;0
14/07/2017;7.2;7.24;7.25;7.15;20770000.00;0.00;0
17/07/2017;7.18;7.19;7.21;7.13;14100000.00;0.00;0
18/07/2017;7.24;7.16;7.24;7.14;18040000.00;0.01;0
19/07/2017;7.18;7.26;7.27;7.14;19250000.00;-0.01;0
20/07/2017;7.21;7.18;7.23;7.16;18020000.00;0.00;0
21/07/2017;7.19;7.2;7.23;7.18;12570000.00;0.00;0
24/07/2017;7.19;7.23;7.23;7.17;11220000.00;0.00;0
25/07/2017;7.26;7.22;7.3;7.2;11220000.00;0.01;0
26/07/2017;7.17;7.26;7.3;7.16;19950000.00;-0.01;0
27/07/2017;7.22;7.23;7.25;7.17;15210000.00;0.01;0
28/07/2017;7.22;7.22;7.24;7.17;25450000.00;0.00;0
31/07/2017;7.23;7.24;7.27;7.19;16070000.00;0.00;0
01/08/2017;7.47;7.32;7.5;7.32;19810000.00;0.03;0
02/08/2017;7.55;7.46;7.61;7.44;33990000.00;0.01;0
03/08/2017;7.54;7.55;7.61;7.52;22080000.00;0.00;0
04/08/2017;7.51;7.55;7.58;7.47;8780000.00;0.00;0
07/08/2017;7.68;7.55;7.7;7.52;18500000.00;0.02;0
08/08/2017;7.69;7.69;7.8;7.64;30240000.00;0.00;0
09/08/2017;7.65;7.65;7.67;7.58;20850000.00;-0.01;0
10/08/2017;7.6;7.63;7.65;7.52;12880000.00;-0.01;0
11/08/2017;7.64;7.59;7.66;7.54;12780000.00;0.01;0
14/08/2017;7.75;7.66;7.8;7.63;14900000.00;0.01;0
15/08/2017;7.79;7.82;7.86;7.79;14160000.00;0.01;0
16/08/2017;7.8;7.81;7.86;7.7;21630000.00;0.00;0
17/08/2017;7.73;7.78;7.79;7.68;18570000.00;-0.01;0
18/08/2017;7.83;7.74;7.85;7.73;18650000.00;0.01;0
21/08/2017;7.83;7.85;7.85;7.76;9400000.00;0.00;0
22/08/2017;7.91;7.86;8.05;7.86;21410000.00;0.01;0
23/08/2017;8.07;7.94;8.07;7.91;14400000.00;0.02;0
24/08/2017;8.13;8.06;8.18;8.05;24190000.00;0.01;0
25/08/2017;8.12;8.19;8.2;8.05;14630000.00;0.00;0
28/08/2017;8.1;8.12;8.18;8.08;21560000.00;0.00;0
29/08/2017;8.17;8.07;8.21;8.02;20520000.00;0.01;0
30/08/2017;8.17;8.2;8.21;8.1;23500000.00;0.00;0
31/08/2017;8.04;8.19;8.21;7.97;24250000.00;-0.02;0
01/09/2017;8.19;8.11;8.28;8.08;19220000.00;0.02;0
04/09/2017;8.16;8.19;8.22;8.15;6940000.00;0.00;0
05/09/2017;8.21;8.26;8.31;8.15;20430000.00;0.01;0
06/09/2017;8.44;8.26;8.47;8.26;29320000.00;0.03;0
08/09/2017;8.46;8.38;8.56;8.38;27130000.00;0.00;0
11/09/2017;8.57;8.52;8.67;8.5;29090000.00;0.01;0
12/09/2017;8.61;8.59;8.67;8.55;16890000.00;0.00;0
13/09/2017;8.64;8.62;8.69;8.55;17650000.00;0.00;0
14/09/2017;8.67;8.62;8.71;8.59;25360000.00;0.00;0
15/09/2017;8.86;8.66;8.92;8.63;31010000.00;0.02;0
18/09/2017;8.91;8.85;8.92;8.8;15140000.00;0.01;0
19/09/2017;8.88;8.94;8.94;8.75;16010000.00;0.00;0
20/09/2017;8.79;8.89;8.9;8.65;17640000.00;-0.01;0
21/09/2017;8.8;8.83;8.87;8.74;19390000.00;0.00;0
22/09/2017;8.79;8.8;8.83;8.74;18870000.00;0.00;0
25/09/2017;8.69;8.77;8.8;8.64;16060000.00;-0.01;0
26/09/2017;8.68;8.71;8.8;8.67;24310000.00;0.00;0
27/09/2017;8.3;8.46;8.5;8.27;39660000.00;-0.04;0
28/09/2017;8.29;8.32;8.35;8.26;18500000.00;0.00;0
29/09/2017;8.45;8.33;8.48;8.32;18080000.00;0.02;0
02/10/2017;8.39;8.43;8.44;8.36;15800000.00;-0.01;0
03/10/2017;8.72;8.42;8.72;8.4;17310000.00;0.04;0
04/10/2017;8.66;8.73;8.73;8.56;13040000.00;-0.01;0
05/10/2017;8.72;8.69;8.86;8.69;19540000.00;0.01;0
06/10/2017;8.68;8.69;8.69;8.59;12170000.00;0.00;0
09/10/2017;8.55;8.68;8.68;8.5;12300000.00;-0.02;0
10/10/2017;8.72;8.63;8.74;8.6;13440000.00;0.02;0
11/10/2017;8.7;8.69;8.75;8.63;16470000.00;0.00;0
13/10/2017;8.69;8.73;8.78;8.61;17350000.00;0.00;0
16/10/2017;8.65;8.72;8.73;8.59;10320000.00;0.00;0
17/10/2017;8.55;8.65;8.65;8.55;10540000.00;-0.01;0
18/10/2017;8.59;8.57;8.64;8.53;20970000.00;0.00;0
19/10/2017;8.54;8.58;8.58;8.43;11900000.00;-0.01;0
20/10/2017;8.54;8.56;8.59;8.49;6980000.00;0.00;0
23/10/2017;8.34;8.54;8.55;8.32;13940000.00;-0.02;0
24/10/2017;8.52;8.36;8.52;8.29;22250000.00;0.02;0
25/10/2017;8.65;8.55;8.67;8.45;31140000.00;0.02;0
26/10/2017;8.56;8.67;8.72;8.5;12930000.00;-0.01;0
27/10/2017;8.54;8.57;8.65;8.5;14000000.00;0.00;0
30/10/2017;8.3;8.53;8.54;8.23;27160000.00;-0.03;0
31/10/2017;8.03;8.36;8.39;8.03;29920000.00;-0.03;0
01/11/2017;7.96;8.15;8.16;7.93;25530000.00;-0.01;0
03/11/2017;8.04;8.03;8.1;7.93;30830000.00;0.01;0
06/11/2017;8.06;8.11;8.15;8.04;24610000.00;0.00;0
07/11/2017;7.89;8.06;8.07;7.86;23580000.00;-0.02;0
08/11/2017;8.15;7.93;8.22;7.93;22020000.00;0.03;0
09/11/2017;8.02;8.16;8.16;7.97;17460000.00;-0.02;0
10/11/2017;8.02;8.03;8.06;7.93;10460000.00;0.00;0
13/11/2017;8.02;8.01;8.06;7.92;13550000.00;0.00;0
14/11/2017;7.9;8.03;8.15;7.87;21320000.00;-0.02;0
16/11/2017;8.03;7.9;8.1;7.9;11890000.00;0.02;0
17/11/2017;8.12;8.04;8.17;7.98;17860000.00;0.01;0
21/11/2017;8.24;8.19;8.36;8.19;18390000.00;0.01;0
22/11/2017;8.22;8.26;8.29;8.16;17530000.00;0.00;0
23/11/2017;8.21;8.23;8.25;8.12;6710000.00;0.00;0
24/11/2017;8.13;8.23;8.23;8.13;8660000.00;-0.01;0
27/11/2017;8.26;8.12;8.26;8.05;8970000.00;0.02;0
28/11/2017;8.23;8.31;8.35;8.22;11390000.00;0.00;0
29/11/2017;8.03;8.26;8.3;8.03;14290000.00;-0.02;0
30/11/2017;7.95;8.01;8.04;7.87;32970000.00;-0.01;0
01/12/2017;8.02;7.89;8.05;7.86;15320000.00;0.01;0
04/12/2017;8.05;8.09;8.21;8.02;12230000.00;0.00;0
05/12/2017;8.01;8.05;8.23;7.95;12220000.00;-0.01;0
06/12/2017;8.13;8;8.13;7.88;14120000.00;0.02;0
07/12/2017;8.04;8;8.08;7.87;20530000.00;-0.01;0
08/12/2017;8.07;8.09;8.18;8.07;10040000.00;0.00;0
11/12/2017;8.11;8.11;8.18;8.05;11450000.00;0.01;0
12/12/2017;8.19;8.08;8.19;7.97;17780000.00;0.01;0
13/12/2017;8.08;8.23;8.25;8.01;26220000.00;-0.01;0
14/12/2017;8.05;8.06;8.06;7.94;41230000.00;0.00;0
15/12/2017;8.09;8.03;8.13;8.01;28940000.00;0.01;0
18/12/2017;8.05;8.13;8.19;8.05;17620000.00;0.00;0
19/12/2017;7.98;8.05;8.06;7.95;15440000.00;-0.01;0
20/12/2017;8.1;8.05;8.1;8.02;8610000.00;0.02;0
21/12/2017;8.4;8.11;8.4;8.09;19350000.00;0.04;0
22/12/2017;8.41;8.36;8.41;8.31;9740000.00;0.00;0
26/12/2017;8.44;8.47;8.53;8.43;7420000.00;0.00;0
27/12/2017;8.42;8.47;8.53;8.4;12130000.00;0.00;0
28/12/2017;8.43;8.44;8.47;8.4;16320000.00;0.00;0
02/01/2018;8.59;8.47;8.59;8.45;14190000.00;0.02;0
03/01/2018;8.69;8.55;8.72;8.52;13640000.00;0.01;0
04/01/2018;8.86;8.72;8.88;8.7;14460000.00;0.02;0
05/01/2018;8.87;8.86;8.87;8.76;10960000.00;0.00;0
08/01/2018;8.86;8.83;8.86;8.79;11140000.00;0.00;0
09/01/2018;8.72;8.87;8.87;8.72;25120000.00;-0.02;0
10/01/2018;8.72;8.71;8.76;8.63;12260000.00;0.00;0
11/01/2018;8.86;8.76;8.87;8.72;14220000.00;0.02;0
12/01/2018;8.89;8.82;8.89;8.8;21890000.00;0.00;0
15/01/2018;9;8.9;9;8.9;8070000.00;0.01;0
16/01/2018;9.11;8.98;9.14;8.96;16150000.00;0.01;0
17/01/2018;9.25;9.07;9.3;9.05;15170000.00;0.02;0
18/01/2018;9.3;9.24;9.36;9.23;22060000.00;0.01;0
19/01/2018;9.33;9.32;9.39;9.26;10210000.00;0.00;0
22/01/2018;9.56;9.32;9.56;9.32;20310000.00;0.02;0
23/01/2018;9.46;9.54;9.61;9.42;16330000.00;-0.01;0
24/01/2018;10.06;9.53;10.06;9.53;28460000.00;0.06;0
26/01/2018;10.48;10.17;10.53;10.13;38320000.00;0.04;0
29/01/2018;10.2;10.42;10.46;10.18;16430000.00;-0.03;0
30/01/2018;10.27;10.18;10.27;10.01;25020000.00;0.01;0
31/01/2018;10.32;10.32;10.5;10.28;26420000.00;0.00;0
01/02/2018;10.29;10.32;10.43;10.18;22640000.00;0.00;0
02/02/2018;10.13;10.14;10.23;10.03;17540000.00;-0.02;0
05/02/2018;9.81;10.04;10.17;9.81;16020000.00;-0.03;0
06/02/2018;10.2;9.75;10.24;9.71;29150000.00;0.04;0
07/02/2018;9.99;10.2;10.21;9.94;24860000.00;-0.02;0
08/02/2018;9.89;10.02;10.15;9.85;27750000.00;-0.01;0
09/02/2018;9.88;9.88;10.02;9.68;22500000.00;0.00;0
14/02/2018;10.2;9.98;10.29;9.98;20120000.00;0.03;0
15/02/2018;9.83;9.91;9.99;9.82;10640000.00;-0.04;0
16/02/2018;10.07;9.87;10.07;9.82;27980000.00;0.02;0
19/02/2018;10.04;10.07;10.14;9.98;12730000.00;0.00;0
20/02/2018;10.45;10.27;10.5;10.18;42750000.00;0.04;0
21/02/2018;10.63;10.52;10.83;10.52;32700000.00;0.02;0
22/02/2018;10.8;10.64;10.84;10.64;34870000.00;0.02;0
23/02/2018;10.85;10.93;10.94;10.63;25330000.00;0.00;0
26/02/2018;10.87;10.9;10.93;10.77;17730000.00;0.00;0
27/02/2018;10.73;10.86;10.86;10.65;11560000.00;-0.01;0
28/02/2018;10.45;10.73;10.73;10.45;54410000.00;-0.03;0
01/03/2018;10.63;10.5;10.66;10.47;19910000.00;0.02;0
02/03/2018;10.71;10.58;10.71;10.44;21030000.00;0.01;0
05/03/2018;11;10.71;11;10.69;14750000.00;0.03;0
06/03/2018;10.95;11.09;11.15;10.95;14710000.00;0.00;0
07/03/2018;10.92;10.95;10.95;10.78;16390000.00;0.00;0
08/03/2018;10.85;10.98;10.99;10.77;14000000.00;-0.01;0
09/03/2018;10.95;10.87;11.03;10.87;14980000.00;0.01;0
12/03/2018;11.05;10.98;11.07;10.92;10970000.00;0.01;0
13/03/2018;10.98;11.07;11.07;10.91;9990000.00;-0.01;0
14/03/2018;10.87;10.99;11.03;10.81;9740000.00;-0.01;0
15/03/2018;10.82;10.76;10.88;10.71;20340000.00;0.00;0
16/03/2018;10.71;10.82;10.93;10.71;21040000.00;-0.01;0
19/03/2018;10.6;10.68;10.71;10.51;13650000.00;-0.01;0
20/03/2018;10.6;10.64;10.67;10.52;11390000.00;0.00;0
21/03/2018;10.62;10.61;10.66;10.53;14550000.00;0.00;0
22/03/2018;10.58;10.63;10.71;10.48;9890000.00;0.00;0
23/03/2018;10.61;10.53;10.83;10.52;15740000.00;0.00;0
26/03/2018;10.79;10.7;10.79;10.67;10300000.00;0.02;0
27/03/2018;10.67;10.81;10.86;10.6;10490000.00;-0.01;0
28/03/2018;10.8;10.6;10.8;10.58;9370000.00;0.01;0
29/03/2018;10.99;10.83;11.11;10.83;18920000.00;0.02;0
02/04/2018;10.93;11;11.1;10.81;11610000.00;-0.01;0
03/04/2018;10.87;10.97;11.03;10.79;9370000.00;-0.01;0
04/04/2018;10.88;10.72;10.92;10.63;10990000.00;0.00;0
05/04/2018;10.85;11.06;11.13;10.83;13010000.00;0.00;0
06/04/2018;10.76;10.88;10.89;10.64;12490000.00;-0.01;0
09/04/2018;10.55;10.8;10.8;10.52;13170000.00;-0.02;0
10/04/2018;10.59;10.63;10.67;10.49;13220000.00;0.00;0
11/04/2018;10.59;10.59;10.7;10.57;17960000.00;0.00;0
12/04/2018;10.75;10.64;10.75;10.61;12380000.00;0.02;0
13/04/2018;10.52;10.72;10.74;10.5;8950000.00;-0.02;0
16/04/2018;10.33;10.54;10.58;10.28;11470000.00;-0.02;0
17/04/2018;10.52;10.35;10.55;10.3;14360000.00;0.02;0
18/04/2018;10.73;10.6;10.81;10.6;13960000.00;0.02;0
19/04/2018;10.56;10.75;10.75;10.5;10860000.00;-0.02;0
20/04/2018;10.48;10.56;10.57;10.39;9460000.00;-0.01;0
23/04/2018;10.52;10.44;10.52;10.35;6440000.00;0.00;0
24/04/2018;10.49;10.56;10.63;10.46;10830000.00;0.00;0
25/04/2018;10.56;10.43;10.56;10.38;12820000.00;0.01;0
26/04/2018;10.9;10.59;10.9;10.57;17970000.00;0.03;0
27/04/2018;10.91;10.92;10.95;10.67;12530000.00;0.00;0
30/04/2018;10.85;10.93;10.97;10.79;12390000.00;-0.01;0
02/05/2018;10.2;10.78;10.78;10.16;43050000.00;-0.06;0
03/05/2018;9.93;10.24;10.32;9.91;39850000.00;-0.03;0
04/05/2018;9.77;9.92;9.97;9.77;24180000.00;-0.02;0
07/05/2018;9.78;9.81;9.85;9.73;15030000.00;0.00;0
08/05/2018;9.81;9.82;9.87;9.68;21300000.00;0.00;0
09/05/2018;9.83;9.87;9.91;9.73;17960000.00;0.00;0
10/05/2018;10.16;9.89;10.16;9.89;18000000.00;0.03;0
11/05/2018;10;10.11;10.19;9.91;10990000.00;-0.02;0
14/05/2018;9.85;10.02;10.05;9.73;15200000.00;-0.01;0
15/05/2018;9.72;9.69;9.86;9.54;19280000.00;-0.01;0
16/05/2018;9.81;9.7;9.87;9.67;12150000.00;0.01;0
17/05/2018;9.38;9.73;9.74;9.34;25440000.00;-0.04;0
18/05/2018;9.25;9.26;9.29;9.02;41370000.00;-0.01;0
21/05/2018;9.19;9.43;9.46;9.11;21330000.00;-0.01;0
22/05/2018;9.59;9.29;9.69;9.22;37870000.00;0.04;0
23/05/2018;9.37;9.45;9.55;9.34;30340000.00;-0.02;0
24/05/2018;9.52;9.25;9.53;9.19;22730000.00;0.02;0
25/05/2018;9.38;9.59;9.62;9.31;18770000.00;-0.01;0
28/05/2018;8.99;9.24;9.24;8.93;16500000.00;-0.04;0
29/05/2018;8.93;9.06;9.17;8.87;24980000.00;-0.01;0
30/05/2018;8.95;8.94;9.02;8.83;47770000.00;0.00;0
01/06/2018;9.09;9.22;9.25;8.8;37300000.00;0.02;0
04/06/2018;9.38;9.17;9.38;9.14;18820000.00;0.03;0
05/06/2018;8.91;9.31;9.35;8.87;28680000.00;-0.05;0
06/06/2018;8.79;8.89;8.9;8.64;22050000.00;-0.01;0
07/06/2018;8.26;8.61;8.68;7.96;72630000.00;-0.06;0
08/06/2018;8.27;8.3;8.4;8.04;36720000.00;0.00;0
11/06/2018;8.08;8.33;8.37;7.98;17730000.00;-0.02;0
12/06/2018;8.07;8.06;8.19;7.96;27680000.00;0.00;0
13/06/2018;8.01;8.08;8.13;7.85;34230000.00;-0.01;0
14/06/2018;7.75;8.08;8.09;7.74;25680000.00;-0.03;0
15/06/2018;7.82;7.77;7.85;7.62;41620000.00;0.01;0
18/06/2018;7.56;7.77;7.77;7.54;22500000.00;-0.03;0
19/06/2018;7.9;7.53;8.06;7.47;35080000.00;0.04;0
20/06/2018;8.06;8.05;8.14;7.84;20740000.00;0.02;0
21/06/2018;7.82;8;8.11;7.82;21640000.00;-0.03;0
22/06/2018;7.89;7.9;7.97;7.78;20140000.00;0.01;0
25/06/2018;7.85;7.96;7.99;7.78;19790000.00;0.00;0
26/06/2018;7.98;7.91;7.99;7.82;17840000.00;0.02;0
27/06/2018;7.75;7.99;8.04;7.71;16360000.00;-0.03;0
28/06/2018;7.94;7.82;8.02;7.8;19230000.00;0.02;0
29/06/2018;8.06;8.04;8.17;8.01;19950000.00;0.02;0
02/07/2018;8.15;8.04;8.16;8.02;19480000.00;0.01;0
03/07/2018;8.42;8.26;8.49;8.21;18630000.00;0.03;0
04/07/2018;8.5;8.5;8.58;8.34;9330000.00;0.01;0
05/07/2018;8.52;8.57;8.59;8.37;16180000.00;0.00;0
06/07/2018;8.54;8.52;8.62;8.45;10530000.00;0.00;0
10/07/2018;8.55;8.62;8.69;8.4;14180000.00;0.00;0
11/07/2018;8.58;8.49;8.62;8.45;16070000.00;0.00;0
12/07/2018;8.7;8.61;8.76;8.61;12260000.00;0.01;0
13/07/2018;8.9;8.73;8.91;8.66;12200000.00;0.02;0
16/07/2018;8.95;8.88;8.99;8.81;18000000.00;0.01;0
17/07/2018;9.12;8.94;9.21;8.82;23700000.00;0.02;0
18/07/2018;9.12;9.13;9.21;9.06;26190000.00;0.00;0
19/07/2018;9.25;9.05;9.25;8.88;18390000.00;0.01;0
20/07/2018;9.55;9.54;9.61;9.43;18650000.00;0.03;0
23/07/2018;9.31;9.49;9.52;9.26;19570000.00;-0.02;0
24/07/2018;9.33;9.44;9.47;9.3;16580000.00;0.00;0
25/07/2018;9.63;9.38;9.7;9.38;11960000.00;0.03;0
26/07/2018;9.46;9.7;9.7;9.43;12720000.00;-0.02;0
27/07/2018;9.43;9.49;9.59;9.38;12210000.00;0.00;0
30/07/2018;9.53;9.49;9.6;9.44;15130000.00;0.01;0
31/07/2018;9.15;9.36;9.38;9.11;23870000.00;-0.04;0
01/08/2018;9.35;9.18;9.37;9.14;13590000.00;0.02;0
02/08/2018;9.41;9.28;9.46;9.22;10420000.00;0.01;0
03/08/2018;9.69;9.47;9.7;9.46;16940000.00;0.03;0
06/08/2018;9.55;9.7;9.7;9.52;12230000.00;-0.01;0
07/08/2018;9.53;9.58;9.63;9.33;18860000.00;0.00;0
08/08/2018;9.33;9.57;9.66;9.31;20100000.00;-0.02;0
09/08/2018;9.14;9.34;9.42;9.14;15040000.00;-0.02;0
10/08/2018;8.79;9.06;9.06;8.66;30530000.00;-0.04;0
13/08/2018;8.75;8.69;8.86;8.55;63100000.00;-0.01;0
14/08/2018;8.96;8.87;8.99;8.79;19710000.00;0.02;0
15/08/2018;8.94;8.83;8.95;8.79;24990000.00;0.00;0
16/08/2018;8.85;8.98;8.99;8.82;14420000.00;-0.01;0
17/08/2018;8.74;8.8;8.85;8.7;19150000.00;-0.01;0
20/08/2018;8.54;8.61;8.66;8.5;22700000.00;-0.02;0
21/08/2018;8.34;8.52;8.54;8.25;23710000.00;-0.02;0
22/08/2018;8.53;8.28;8.55;8.23;14930000.00;0.02;0
23/08/2018;8.3;8.54;8.57;8.2;23820000.00;-0.03;0
24/08/2018;8.33;8.4;8.45;8.26;13960000.00;0.00;0
27/08/2018;8.57;8.37;8.58;8.37;15400000.00;0.03;0
28/08/2018;8.43;8.6;8.62;8.37;17300000.00;-0.02;0
29/08/2018;8.67;8.44;8.67;8.43;12700000.00;0.03;0
30/08/2018;8.28;8.57;8.6;8.27;22700000.00;-0.04;0
31/08/2018;8.42;8.33;8.43;8.25;27200000.00;0.02;0
03/09/2018;8.33;8.34;8.36;8.28;8260000.00;-0.01;0
04/09/2018;8.23;8.36;8.39;8.18;12650000.00;-0.01;0
05/09/2018;8.23;8.18;8.31;8.12;16340000.00;0.00;0
06/09/2018;8.53;8.3;8.57;8.18;19250000.00;0.04;0
10/09/2018;8.52;8.58;8.64;8.44;14030000.00;0.00;0
11/09/2018;8.17;8.37;8.37;8.17;14360000.00;-0.04;0
12/09/2018;8.22;8.27;8.34;8.21;19470000.00;0.01;0
13/09/2018;8.28;8.29;8.31;8.16;13880000.00;0.01;0
14/09/2018;8.47;8.28;8.48;8.24;13480000.00;0.02;0
17/09/2018;8.6;8.4;8.61;8.38;13980000.00;0.02;0
18/09/2018;8.72;8.59;8.79;8.57;26330000.00;0.01;0
19/09/2018;8.71;8.65;8.85;8.6;29600000.00;0.00;0
20/09/2018;8.58;8.8;8.83;8.57;19860000.00;-0.01;0
21/09/2018;8.68;8.66;8.82;8.61;36920000.00;0.01;0
24/09/2018;8.44;8.65;8.71;8.42;14070000.00;-0.03;0
25/09/2018;8.51;8.33;8.53;8.3;23310000.00;0.01;0
26/09/2018;8.58;8.55;8.71;8.52;19970000.00;0.01;0
27/09/2018;8.84;8.62;8.88;8.62;42670000.00;0.03;0
28/09/2018;8.88;8.74;8.88;8.68;35030000.00;0.01;0
01/10/2018;8.79;8.89;8.93;8.73;13610000.00;-0.01;0
02/10/2018;9.15;8.97;9.19;8.97;27320000.00;0.04;0
03/10/2018;9.45;9.59;9.75;9.39;38660000.00;0.03;0
04/10/2018;9.38;9.4;9.41;9.17;40770000.00;-0.01;0
05/10/2018;9.26;9.5;9.54;9.19;33780000.00;-0.01;0
08/10/2018;9.83;9.86;10.09;9.63;53530000.00;0.06;0
09/10/2018;9.75;9.82;9.9;9.7;43300000.00;-0.01;0
10/10/2018;9.51;9.59;9.67;9.51;33130000.00;-0.02;0
11/10/2018;9.46;9.57;9.61;9.37;29920000.00;-0.01;0
15/10/2018;9.52;9.54;9.66;9.5;21600000.00;0.01;0
16/10/2018;9.91;9.61;9.91;9.58;26230000.00;0.04;0
17/10/2018;9.83;9.83;9.94;9.71;22080000.00;-0.01;0
18/10/2018;9.53;9.76;9.77;9.53;26060000.00;-0.03;0
19/10/2018;9.51;9.6;9.66;9.41;24020000.00;0.00;0
22/10/2018;9.66;9.59;9.68;9.59;15510000.00;0.02;0
23/10/2018;9.64;9.53;9.68;9.46;17400000.00;0.00;0
24/10/2018;9.41;9.67;9.69;9.35;15350000.00;-0.02;0
25/10/2018;9.52;9.46;9.66;9.41;20570000.00;0.01;0
26/10/2018;9.71;9.55;9.71;9.48;38030000.00;0.02;0
29/10/2018;9.58;9.97;10.02;9.4;34570000.00;-0.01;0
30/10/2018;9.95;9.49;10;9.42;47470000.00;0.04;0
31/10/2018;9.89;10.01;10.1;9.73;27970000.00;-0.01;0
01/11/2018;10.03;9.92;10.06;9.85;20610000.00;0.01;0
05/11/2018;10.12;10.04;10.23;10.01;19290000.00;0.01;0
06/11/2018;10.16;10.03;10.22;10;13540000.00;0.00;0
07/11/2018;10.2;10.17;10.26;10.04;18140000.00;0.00;0
08/11/2018;9.94;10.22;10.28;9.94;21420000.00;-0.03;0
09/11/2018;10.16;9.92;10.17;9.86;16870000.00;0.02;0
12/11/2018;10.06;10.17;10.18;10.01;14900000.00;-0.01;0
13/11/2018;9.99;10.12;10.16;9.89;18630000.00;-0.01;0
14/11/2018;10.16;9.99;10.16;9.95;17760000.00;0.02;0
16/11/2018;10.55;10.16;10.55;10.15;31780000.00;0.04;0
19/11/2018;10.62;10.53;10.62;10.44;17400000.00;0.01;0
21/11/2018;10.42;10.51;10.59;10.34;18020000.00;-0.02;0
22/11/2018;10.41;10.44;10.48;10.36;7220000.00;0.00;0
23/11/2018;10.27;10.27;10.29;10.16;12780000.00;-0.01;0
26/11/2018;10.08;10.33;10.39;9.99;18910000.00;-0.02;0
27/11/2018;10.47;10.1;10.47;10.06;21740000.00;0.04;0
28/11/2018;10.72;10.46;10.72;10.36;18170000.00;0.02;0
29/11/2018;10.82;10.63;10.89;10.62;24330000.00;0.01;0
30/11/2018;10.69;10.77;10.94;10.69;40510000.00;-0.01;0
03/12/2018;10.61;10.87;10.93;10.55;24050000.00;-0.01;0
04/12/2018;10.45;10.61;10.69;10.33;26830000.00;-0.01;0
05/12/2018;10.45;10.5;10.52;10.33;20080000.00;0.00;0
06/12/2018;10.72;10.32;10.72;10.29;24500000.00;0.03;0
07/12/2018;10.52;10.71;10.81;10.47;26010000.00;-0.02;0
10/12/2018;10.19;10.52;10.54;10.19;21870000.00;-0.03;0
11/12/2018;10.23;10.33;10.36;10.08;29020000.00;0.00;0
12/12/2018;10.33;10.28;10.42;10.25;24400000.00;0.01;0
13/12/2018;10.5;10.36;10.5;10.28;15790000.00;0.02;0
14/12/2018;10.57;10.41;10.57;10.39;15470000.00;0.01;0
17/12/2018;10.28;10.56;10.56;10.26;15970000.00;-0.03;0
18/12/2018;10.33;10.33;10.44;10.27;17290000.00;0.00;0
19/12/2018;10.32;10.43;10.5;10.32;18170000.00;0.00;0
20/12/2018;10.31;10.37;10.44;10.22;17150000.00;0.00;0
21/12/2018;10.2;10.33;10.43;10.16;47620000.00;-0.01;0
26/12/2018;10.07;10.16;10.16;9.96;19260000.00;-0.01;0
27/12/2018;10.24;10.07;10.27;10.06;14020000.00;0.02;0
28/12/2018;10.49;10.33;10.56;10.27;19730000.00;0.02;0
02/01/2019;10.98;10.51;11.03;10.49;25160000.00;0.05;0
03/01/2019;11.08;10.93;11.08;10.86;37890000.00;0.01;0
04/01/2019;11.04;10.99;11.14;10.9;32720000.00;0.00;0
07/01/2019;11.03;11.03;11.13;10.96;13440000.00;0.00;0
08/01/2019;11.18;11.03;11.18;10.9;17300000.00;0.01;0
09/01/2019;11.33;11.23;11.35;11.15;31390000.00;0.01;0
10/01/2019;11.25;11.29;11.46;11.23;46620000.00;-0.01;0
11/01/2019;11.11;11.24;11.25;11.04;30050000.00;-0.01;0
14/01/2019;11.28;11.12;11.28;11.09;18250000.00;0.01;0
15/01/2019;11.21;11.23;11.23;11.03;33220000.00;-0.01;0
16/01/2019;11.22;11.21;11.23;11.11;26250000.00;0.00;0
17/01/2019;11.23;11.2;11.25;11.08;27440000.00;0.00;0
18/01/2019;11.23;11.23;11.36;11.22;22650000.00;0.00;0
21/01/2019;11.18;11.26;11.26;11.08;13820000.00;0.00;0
22/01/2019;11.13;11.17;11.24;11.03;24310000.00;0.00;0
23/01/2019;11.28;11.16;11.38;11.1;65020000.00;0.01;0
24/01/2019;11.46;11.29;11.59;11.29;38730000.00;0.02;0
28/01/2019;11.71;11.42;11.77;11.36;26750000.00;0.02;0
29/01/2019;11.52;11.76;11.76;11.52;19600000.00;-0.02;0
30/01/2019;11.65;11.58;11.65;11.33;24470000.00;0.01;0
31/01/2019;11.72;11.65;11.9;11.64;26380000.00;0.01;0
01/02/2019;11.76;11.72;11.76;11.57;17230000.00;0.00;0
04/02/2019;11.98;11.72;11.98;11.59;16790000.00;0.02;0
05/02/2019;11.61;11.71;11.76;11.5;27780000.00;-0.03;0
06/02/2019;11.11;11.55;11.56;11.11;27660000.00;-0.04;0
07/02/2019;11.13;11.16;11.31;10.99;18160000.00;0.00;0
08/02/2019;11.49;11.1;11.49;11.05;40030000.00;0.03;0
11/02/2019;11.41;11.45;11.48;11.23;15600000.00;-0.01;0
12/02/2019;11.6;11.5;11.63;11.43;17700000.00;0.02;0
13/02/2019;11.35;11.58;11.63;11.29;26240000.00;-0.02;0
14/02/2019;11.63;11.36;11.63;11.18;27160000.00;0.03;0
15/02/2019;11.49;11.54;11.58;11.34;32000000.00;-0.01;0
18/02/2019;11.25;11.47;11.48;11.24;15900000.00;-0.02;0
19/02/2019;11.49;11.45;11.65;11.4;116900000.00;0.02;0
20/02/2019;11.46;11.67;11.73;11.45;111810000.00;0.00;0
21/02/2019;11.77;11.55;11.77;11.53;99040000.00;0.03;0
22/02/2019;11.87;11.87;11.92;11.73;29050000.00;0.01;0
25/02/2019;11.79;11.87;11.92;11.69;17680000.00;-0.01;0
26/02/2019;11.8;11.81;11.87;11.78;18570000.00;0.00;0
27/02/2019;11.63;11.82;11.85;11.59;16820000.00;-0.01;0
28/02/2019;11.38;11.44;11.69;11.34;25040000.00;-0.02;0
01/03/2019;11.3;11.43;11.51;11.29;28430000.00;-0.01;0
06/03/2019;11.13;11.41;11.41;11.1;16420000.00;-0.01;0
07/03/2019;11.33;11.13;11.42;11.07;32890000.00;0.02;0
08/03/2019;11.53;11.3;11.6;11.22;17510000.00;0.02;0
11/03/2019;11.85;11.61;11.88;11.57;16960000.00;0.03;0
12/03/2019;11.89;11.87;11.89;11.75;18710000.00;0.00;0
13/03/2019;11.96;11.84;12.02;11.72;23180000.00;0.01;0
14/03/2019;11.77;11.93;11.96;11.68;18670000.00;-0.02;0
15/03/2019;11.8;11.76;11.87;11.75;22030000.00;0.00;0
18/03/2019;11.88;11.83;11.91;11.77;11760000.00;0.01;0
19/03/2019;11.69;11.87;11.88;11.67;19320000.00;-0.02;0
20/03/2019;11.49;11.69;11.72;11.48;18560000.00;-0.02;0
21/03/2019;11.32;11.52;11.55;11.14;26710000.00;-0.02;0
22/03/2019;10.99;11.15;11.16;10.87;29570000.00;-0.03;0
25/03/2019;11.02;10.99;11.12;10.87;26660000.00;0.00;0
26/03/2019;11.09;11.13;11.17;10.98;29310000.00;0.01;0
27/03/2019;10.53;10.96;10.96;10.53;38490000.00;-0.05;0
28/03/2019;11.1;10.53;11.11;10.47;27500000.00;0.05;0
29/03/2019;11.04;11.19;11.22;10.96;29570000.00;-0.01;0
01/04/2019;11.04;11.15;11.2;10.97;16660000.00;0.00;0
02/04/2019;10.94;11.07;11.11;10.9;15010000.00;-0.01;0
03/04/2019;10.83;11.06;11.11;10.75;14480000.00;-0.01;0
04/04/2019;10.87;10.88;11.09;10.81;25990000.00;0.00;0
05/04/2019;11.12;10.97;11.16;10.87;20400000.00;0.02;0
08/04/2019;11.11;11.15;11.16;11.01;12170000.00;0.00;0
09/04/2019;10.95;11.06;11.06;10.87;16460000.00;-0.01;0
10/04/2019;10.89;10.99;11.01;10.88;21910000.00;-0.01;0
11/04/2019;10.75;10.88;10.89;10.64;12660000.00;-0.01;0
12/04/2019;10.64;10.64;10.94;10.54;18650000.00;-0.01;0
15/04/2019;10.63;10.75;10.8;10.51;14560000.00;0.00;0
16/04/2019;10.72;10.63;10.77;10.58;11190000.00;0.01;0
17/04/2019;10.57;10.74;10.81;10.42;31070000.00;-0.01;0
18/04/2019;10.68;10.61;10.78;10.47;19050000.00;0.01;0
22/04/2019;10.64;10.63;10.7;10.49;12030000.00;0.00;0
23/04/2019;10.92;10.69;10.93;10.68;14640000.00;0.03;0
24/04/2019;10.92;10.92;10.99;10.72;23300000.00;0.00;0
25/04/2019;11.1;10.82;11.1;10.69;23650000.00;0.02;0
26/04/2019;11.08;11.07;11.15;10.99;15010000.00;0.00;0
29/04/2019;10.87;11.11;11.14;10.87;17640000.00;-0.02;0
30/04/2019;10.98;10.9;11.03;10.83;13610000.00;0.01;0
02/05/2019;11.01;10.93;11.06;10.88;12200000.00;0.00;0
03/05/2019;10.85;11.07;11.1;10.85;13860000.00;-0.02;0
06/05/2019;10.54;10.74;10.78;10.54;21580000.00;-0.03;0
07/05/2019;10.54;10.54;10.54;10.3;26870000.00;0.00;0
08/05/2019;10.63;10.59;10.82;10.58;13110000.00;0.01;0
09/05/2019;10.59;10.59;10.63;10.45;13200000.00;0.00;0
10/05/2019;10.55;10.59;10.63;10.42;17390000.00;0.00;0
13/05/2019;10.37;10.37;10.46;10.31;37700000.00;-0.02;0
14/05/2019;10.39;10.43;10.49;10.32;20400000.00;0.00;0
15/05/2019;10.37;10.28;10.4;10.17;42830000.00;0.00;0
16/05/2019;10.21;10.28;10.34;10.16;20500000.00;-0.02;0
17/05/2019;10.21;10.21;10.43;10.16;24860000.00;0.00;0
20/05/2019;10.54;10.27;10.58;10.23;23910000.00;0.03;0
21/05/2019;10.87;10.59;10.87;10.54;24410000.00;0.03;0
22/05/2019;10.8;10.87;10.94;10.75;16280000.00;-0.01;0
23/05/2019;10.76;10.74;10.83;10.66;16220000.00;0.00;0
24/05/2019;10.64;10.83;10.87;10.61;12150000.00;-0.01;0
27/05/2019;10.67;10.73;10.83;10.66;11180000.00;0.00;0
28/05/2019;10.94;10.71;10.97;10.69;34300000.00;0.03;0
29/05/2019;11.21;10.91;11.32;10.88;38510000.00;0.02;0
30/05/2019;11.36;11.19;11.43;11.19;17600000.00;0.01;0
31/05/2019;11.42;11.34;11.47;11.28;17770000.00;0.00;0
03/06/2019;11.46;11.46;11.54;11.38;17610000.00;0.00;0
04/06/2019;11.49;11.47;11.56;11.42;23400000.00;0.00;0
05/06/2019;11.22;11.53;11.54;11.22;17370000.00;-0.02;0
06/06/2019;11.34;11.34;11.39;11.21;11580000.00;0.01;0
07/06/2019;11.45;11.38;11.52;11.34;12140000.00;0.01;0
10/06/2019;11.27;11.45;11.46;11.1;24060000.00;-0.02;0
11/06/2019;11.3;11.31;11.35;11.18;25360000.00;0.00;0
12/06/2019;11.24;11.29;11.37;11.14;20030000.00;0.00;0
13/06/2019;11.1;11.24;11.28;11.05;29990000.00;-0.01;0
14/06/2019;11.06;11.08;11.1;10.92;19750000.00;0.00;0
17/06/2019;11.05;11.06;11.12;10.99;11250000.00;0.00;0
18/06/2019;11.26;11.15;11.26;11.11;27530000.00;0.02;0
19/06/2019;11.43;11.24;11.43;11.14;22010000.00;0.01;0
21/06/2019;11.63;11.45;11.64;11.44;25550000.00;0.02;0
24/06/2019;11.68;11.65;11.74;11.59;23670000.00;0.00;0
25/06/2019;11.61;11.65;11.75;11.52;48910000.00;-0.01;0
26/06/2019;11.98;11.66;12;11.66;91320000.00;0.03;0
27/06/2019;11.94;11.86;12.06;11.77;27030000.00;0.00;0
28/06/2019;11.9;12.06;12.06;11.89;17780000.00;0.00;0
01/07/2019;11.93;12;12.05;11.84;9910000.00;0.00;0
02/07/2019;11.8;11.94;12;11.78;13960000.00;-0.01;0
03/07/2019;11.98;11.77;12.02;11.75;15580000.00;0.02;0
04/07/2019;12.14;12.06;12.28;12.04;16460000.00;0.01;0
05/07/2019;12.25;12.14;12.26;12.06;9720000.00;0.01;0
08/07/2019;12.26;12.23;12.3;12.16;8810000.00;0.00;0
10/07/2019;12.31;12.37;12.42;12.25;22810000.00;0.00;0
11/07/2019;12.18;12.23;12.26;12.12;14860000.00;-0.01;0
12/07/2019;12;12.22;12.25;12;31250000.00;-0.02;0
15/07/2019;11.95;12.05;12.09;11.87;18660000.00;0.00;0
16/07/2019;11.9;11.95;12;11.83;14130000.00;0.00;0
17/07/2019;11.94;11.92;12.04;11.88;12420000.00;0.00;0
18/07/2019;12.19;11.97;12.19;11.9;13860000.00;0.02;0
19/07/2019;12.05;12.17;12.17;12;12410000.00;-0.01;0
22/07/2019;12.23;12.08;12.28;12.06;15610000.00;0.02;0
23/07/2019;12.3;12.26;12.39;12.15;14080000.00;0.01;0
24/07/2019;12.28;12.31;12.45;12.25;16190000.00;0.00;0
25/07/2019;11.91;12.3;12.36;11.85;22630000.00;-0.03;0
26/07/2019;12.01;11.96;12.14;11.89;18540000.00;0.01;0
29/07/2019;11.99;12;12.14;11.89;13310000.00;0.00;0
30/07/2019;11.8;11.99;11.99;11.7;16510000.00;-0.02;0
31/07/2019;11.51;11.82;11.83;11.47;26650000.00;-0.02;0
01/08/2019;11.58;11.59;11.85;11.5;28240000.00;0.01;0
02/08/2019;11.5;11.63;11.64;11.37;21300000.00;-0.01;0
05/08/2019;11.32;11.32;11.39;11.22;19360000.00;-0.02;0
06/08/2019;11.69;11.4;11.71;11.4;24680000.00;0.03;0
07/08/2019;11.99;11.56;11.99;11.46;30320000.00;0.03;0
08/08/2019;12.11;12.03;12.15;11.96;36470000.00;0.01;0
09/08/2019;12.06;12.11;12.15;11.94;20070000.00;0.00;0
12/08/2019;11.63;11.88;11.88;11.62;21200000.00;-0.04;0
13/08/2019;11.93;11.76;11.99;11.65;22570000.00;0.03;0
14/08/2019;11.77;11.82;11.83;11.7;30080000.00;-0.01;0
15/08/2019;11.82;11.86;11.9;11.68;35480000.00;0.00;0
16/08/2019;11.86;11.92;11.99;11.74;18120000.00;0.00;0
19/08/2019;11.65;11.96;11.98;11.58;18910000.00;-0.02;0
20/08/2019;11.47;11.64;11.73;11.43;15790000.00;-0.02;0
21/08/2019;11.62;11.61;11.73;11.53;24780000.00;0.01;0
22/08/2019;11.43;11.64;11.72;11.41;13280000.00;-0.02;0
23/08/2019;11.27;11.35;11.54;11.18;20140000.00;-0.01;0
26/08/2019;11.22;11.41;11.44;11.07;25760000.00;0.00;0
27/08/2019;11.4;11.27;11.48;11.2;43060000.00;0.02;0
28/08/2019;11.57;11.28;11.57;11.23;12700000.00;0.02;0
29/08/2019;11.63;11.6;11.7;11.38;25980000.00;0.00;0
30/08/2019;11.65;11.73;11.75;11.54;22420000.00;0.00;0
02/09/2019;11.53;11.65;11.7;11.5;10640000.00;-0.01;0
03/09/2019;11.35;11.52;11.63;11.3;16710000.00;-0.02;0
04/09/2019;11.53;11.51;11.53;11.36;16360000.00;0.02;0
05/09/2019;11.95;11.6;12.01;11.57;29570000.00;0.04;0
06/09/2019;12.3;11.98;12.31;11.98;25680000.00;0.03;0
09/09/2019;12.45;12.3;12.54;12.29;25010000.00;0.01;0
10/09/2019;12.33;12.45;12.52;12.25;18700000.00;-0.01;0
11/09/2019;12.29;12.38;12.4;12.23;12990000.00;0.00;0
12/09/2019;12.45;12.35;12.53;12.34;39630000.00;0.01;0
13/09/2019;12.5;12.47;12.7;12.42;26730000.00;0.00;0
16/09/2019;12.46;12.48;12.48;12.28;31800000.00;0.00;0
17/09/2019;12.52;12.39;12.53;12.33;16280000.00;0.00;0
18/09/2019;12.54;12.55;12.58;12.37;13420000.00;0.00;0
19/09/2019;12.42;12.59;12.69;12.37;21090000.00;-0.01;0
20/09/2019;12.58;12.53;12.58;12.37;32090000.00;0.01;0
23/09/2019;12.44;12.5;12.54;12.37;11710000.00;-0.01;0
24/09/2019;12.4;12.49;12.5;12.32;13430000.00;0.00;0
25/09/2019;12.48;12.35;12.51;12.3;14630000.00;0.01;0
26/09/2019;12.75;12.48;12.75;12.42;17280000.00;0.02;0
27/09/2019;12.72;12.71;12.77;12.59;9830000.00;0.00;0
30/09/2019;12.52;12.72;12.77;12.52;16850000.00;-0.02;0
01/10/2019;12.3;12.54;12.55;12.3;20620000.00;-0.02;0
02/10/2019;12.02;12.21;12.21;11.98;20700000.00;-0.02;0
03/10/2019;11.87;12.04;12.07;11.81;20190000.00;-0.01;0
04/10/2019;11.88;11.92;11.92;11.71;20380000.00;0.00;0
07/10/2019;11.57;11.88;11.96;11.57;21720000.00;-0.03;0
08/10/2019;11.53;11.64;11.76;11.5;18570000.00;0.00;0
09/10/2019;11.71;11.64;11.78;11.55;12390000.00;0.02;0
10/10/2019;11.81;11.7;11.84;11.67;9710000.00;0.01;0
11/10/2019;12.06;11.86;12.13;11.84;19790000.00;0.02;0
14/10/2019;12.26;12.05;12.26;12.01;12950000.00;0.02;0
15/10/2019;12.28;12.25;12.39;12.2;19200000.00;0.00;0
16/10/2019;12.51;12.25;12.53;12.09;18250000.00;0.02;0
17/10/2019;12.49;12.47;12.59;12.4;14990000.00;0.00;0
18/10/2019;12.41;12.44;12.49;12.37;11750000.00;-0.01;0
21/10/2019;12.59;12.41;12.59;12.36;11540000.00;0.01;0
22/10/2019;12.88;12.59;12.88;12.58;23180000.00;0.02;0
23/10/2019;12.97;12.86;13.04;12.78;21800000.00;0.01;0
24/10/2019;12.97;12.97;13.05;12.88;15090000.00;0.00;0
25/10/2019;13.1;12.98;13.16;12.98;11670000.00;0.01;0
28/10/2019;13.21;13.04;13.26;13.02;9250000.00;0.01;0
29/10/2019;13.09;13.17;13.2;13.08;14180000.00;-0.01;0
30/10/2019;13.25;13.06;13.29;12.91;16990000.00;0.01;0
31/10/2019;13.02;13.17;13.17;12.93;23050000.00;-0.02;0
01/11/2019;13.07;13.06;13.16;12.9;14010000.00;0.00;0
04/11/2019;13.2;13.11;13.23;13.04;12150000.00;0.01;0
05/11/2019;13.36;13.46;13.53;13.31;20670000.00;0.01;0
06/11/2019;13.26;13.36;13.53;13.22;18940000.00;-0.01;0
07/11/2019;13.24;13.32;13.37;13.15;21870000.00;0.00;0
08/11/2019;13.07;13.2;13.24;12.97;16990000.00;-0.01;0
11/11/2019;13.19;13.06;13.19;12.98;15580000.00;0.01;0
12/11/2019;13.04;13.09;13.09;12.82;15650000.00;-0.01;0
13/11/2019;12.82;12.98;13.01;12.72;22170000.00;-0.02;0
14/11/2019;12.95;12.83;12.97;12.75;12360000.00;0.01;0
18/11/2019;12.92;13.04;13.13;12.92;14380000.00;0.00;0
19/11/2019;12.75;12.94;12.98;12.68;17420000.00;-0.01;0
21/11/2019;12.83;12.73;12.86;12.71;16950000.00;0.01;0
22/11/2019;13.02;12.83;13.02;12.8;15060000.00;0.01;0
25/11/2019;12.71;13.03;13.05;12.71;21030000.00;-0.02;0
26/11/2019;12.4;12.71;12.72;12.35;37670000.00;-0.02;0
27/11/2019;12.56;12.45;12.64;12.36;15070000.00;0.01;0
28/11/2019;12.59;12.49;12.61;12.4;11820000.00;0.00;0
29/11/2019;12.6;12.6;12.67;12.48;15130000.00;0.00;0
02/12/2019;12.69;12.64;12.75;12.62;13360000.00;0.01;0
03/12/2019;12.66;12.74;12.78;12.59;14680000.00;0.00;0
04/12/2019;12.97;12.68;12.97;12.66;16080000.00;0.02;0
05/12/2019;12.91;12.97;13.11;12.9;13890000.00;0.00;0
06/12/2019;12.78;12.96;13.01;12.77;17400000.00;-0.01;0
09/12/2019;12.99;12.84;13.06;12.8;15640000.00;0.02;0
10/12/2019;12.97;12.99;13.11;12.86;16680000.00;0.00;0
11/12/2019;12.94;13.09;13.11;12.89;20670000.00;0.00;0
12/12/2019;12.92;13;13.09;12.92;23150000.00;0.00;0
13/12/2019;13.02;13;13.02;12.82;21540000.00;0.01;0
16/12/2019;12.89;13.06;13.2;12.89;21210000.00;-0.01;0
17/12/2019;13.14;13;13.14;12.95;17050000.00;0.02;0
18/12/2019;13.27;13.12;13.27;13.05;38420000.00;0.01;0
19/12/2019;13.28;13.21;13.28;13.11;22730000.00;0.00;0
20/12/2019;13.16;13.28;13.28;13.15;23650000.00;-0.01;0
23/12/2019;13.26;13.2;13.26;13.15;10370000.00;0.01;0
26/12/2019;13.48;13.24;13.48;13.22;10130000.00;0.02;0
27/12/2019;13.43;13.49;13.55;13.29;9770000.00;0.00;0
30/12/2019;13.39;13.43;13.53;13.31;12430000.00;0.00;0
02/01/2020;13.64;13.44;13.66;13.37;18280000.00;0.02;1
03/01/2020;13.44;13.49;13.65;13.42;21820000.00;-0.01;1
06/01/2020;13.41;13.42;13.5;13.31;20270000.00;0.00;1
07/01/2020;13.23;13.42;13.44;13.13;20070000.00;-0.01;1
08/01/2020;13.03;13.26;13.35;13;19390000.00;-0.02;1
09/01/2020;12.77;13.06;13.09;12.75;26050000.00;-0.02;1
10/01/2020;12.69;12.83;12.98;12.62;25070000.00;-0.01;1
13/01/2020;12.86;12.8;12.91;12.72;23040000.00;0.01;1
14/01/2020;13;12.85;13;12.7;17340000.00;0.01;1
15/01/2020;12.79;12.95;12.95;12.71;17550000.00;-0.02;1
16/01/2020;12.82;12.83;12.88;12.71;13840000.00;0.00;1
17/01/2020;12.92;12.83;12.97;12.83;10810000.00;0.01;1
20/01/2020;12.74;12.91;12.95;12.64;15070000.00;-0.01;1
21/01/2020;12.45;12.7;12.73;12.45;16030000.00;-0.02;1
22/01/2020;12.63;12.55;12.67;12.51;16710000.00;0.01;1
23/01/2020;12.88;12.55;12.91;12.51;23320000.00;0.02;1
24/01/2020;12.69;12.92;12.92;12.65;10970000.00;-0.01;1
27/01/2020;12.41;12.54;12.59;12.32;16240000.00;-0.02;1
28/01/2020;12.46;12.5;12.56;12.43;13980000.00;0.00;1
29/01/2020;12.32;12.52;12.52;12.31;18620000.00;-0.01;1
30/01/2020;12.43;12.25;12.43;12.14;18970000.00;0.01;1
31/01/2020;12.22;12.28;12.33;12.09;23640000.00;-0.02;1
03/02/2020;12.21;12.24;12.33;12.17;13920000.00;0.00;1
04/02/2020;12.24;12.36;12.4;12.22;13070000.00;0.00;1
05/02/2020;12.31;12.4;12.53;12.28;25390000.00;0.01;1
06/02/2020;12.18;12.44;12.44;12.15;15580000.00;-0.01;1
07/02/2020;12.15;12.16;12.32;12.11;19690000.00;0.00;1
10/02/2020;12.4;12.21;12.51;12.12;21220000.00;0.02;1
11/02/2020;12.62;12.56;12.72;12.44;29300000.00;0.02;1
12/02/2020;12.7;12.66;12.84;12.59;29500000.00;0.01;1
13/02/2020;12.51;12.61;12.7;12.48;13980000.00;-0.02;1
14/02/2020;12.35;12.5;12.51;12.35;13360000.00;-0.01;1
17/02/2020;12.35;12.45;12.51;12.35;10280000.00;0.00;1
18/02/2020;12.53;12.36;12.53;12.24;78580000.00;0.01;1
19/02/2020;12.68;12.53;12.8;12.5;41160000.00;0.01;1
20/02/2020;12.59;12.71;12.76;12.51;25210000.00;-0.01;1
21/02/2020;12.59;12.51;12.59;12.36;18050000.00;0.00;1
26/02/2020;11.87;12.05;12.17;11.8;41890000.00;-0.06;1
27/02/2020;11.67;11.78;11.98;11.67;43150000.00;-0.02;1
28/02/2020;11.81;11.66;11.84;11.5;47840000.00;0.01;1
02/03/2020;12.12;11.87;12.13;11.8;24100000.00;0.03;1
03/03/2020;11.95;12.05;12.2;11.75;31980000.00;-0.01;1
04/03/2020;12.01;12.09;12.1;11.84;17430000.00;0.01;1
05/03/2020;11.65;11.98;12.01;11.5;25420000.00;-0.03;1
06/03/2020;11.38;11.37;11.56;11.25;34470000.00;-0.02;1
09/03/2020;10.67;10.78;10.83;10.56;45280000.00;-0.06;1
10/03/2020;10.89;11.16;11.39;10.62;47330000.00;0.02;1
11/03/2020;10.24;10.72;10.83;9.72;44530000.00;-0.06;1
12/03/2020;9.13;9.11;9.7;8.93;51760000.00;-0.11;1
13/03/2020;10.04;10.34;10.4;9.13;57700000.00;0.10;1
16/03/2020;8.96;9.01;9.64;8.96;51190000.00;-0.11;1
17/03/2020;9.39;9.22;9.85;8.93;59250000.00;0.05;1
18/03/2020;8.93;8.81;9.16;8.43;56870000.00;-0.05;1
19/03/2020;8.63;8.67;8.95;8.18;61680000.00;-0.03;1
20/03/2020;8.18;8.94;9.02;8.15;53910000.00;-0.05;1
23/03/2020;7.42;8.27;8.32;7.33;50580000.00;-0.09;1
24/03/2020;7.95;7.94;8.28;7.82;43790000.00;0.07;1
25/03/2020;8.48;7.94;8.79;7.89;49200000.00;0.07;1
26/03/2020;8.84;8.53;8.97;8.53;41690000.00;0.04;1
27/03/2020;8.37;8.48;8.71;8.37;33590000.00;-0.05;1
30/03/2020;8.69;8.44;8.73;8.34;32330000.00;0.04;1
31/03/2020;8.64;8.68;8.85;8.48;46540000.00;-0.01;1
01/04/2020;8.13;8.37;8.37;8.12;34100000.00;-0.06;1
02/04/2020;8.24;8.15;8.43;8.09;22220000.00;0.01;1
03/04/2020;7.99;8.17;8.17;7.79;29050000.00;-0.03;1
06/04/2020;8.58;8.39;8.7;8.37;27090000.00;0.07;1
07/04/2020;8.83;8.95;9.18;8.83;42680000.00;0.03;1
08/04/2020;9.18;8.89;9.32;8.8;30240000.00;0.04;1
09/04/2020;9.1;9.31;9.45;9.08;23270000.00;-0.01;1
13/04/2020;9.35;9.07;9.35;8.92;17180000.00;0.03;1
14/04/2020;9.45;9.5;9.73;9.4;21000000.00;0.01;1
15/04/2020;9.16;9.28;9.44;9.16;25220000.00;-0.03;1
16/04/2020;8.88;9.27;9.36;8.86;31290000.00;-0.03;1
17/04/2020;9;9.11;9.15;8.82;24210000.00;0.01;1
20/04/2020;8.83;8.82;8.96;8.76;20410000.00;-0.02;1
22/04/2020;8.82;8.86;9.01;8.73;27470000.00;0.00;1
23/04/2020;8.71;8.9;8.95;8.62;32180000.00;-0.01;1
24/04/2020;8.27;8.59;8.6;8.04;58860000.00;-0.05;1
27/04/2020;8.54;8.56;8.79;8.4;28180000.00;0.03;1
28/04/2020;9.14;8.96;9.21;8.91;34500000.00;0.07;1
29/04/2020;9.12;9.32;9.38;8.98;30040000.00;0.00;1
30/04/2020;8.86;8.8;8.99;8.71;30410000.00;-0.03;1
04/05/2020;8.57;8.57;8.61;8.5;23890000.00;-0.03;1
05/05/2020;8.77;8.67;8.94;8.6;39240000.00;0.02;1
06/05/2020;8.57;8.77;8.8;8.52;25430000.00;-0.02;1
07/05/2020;8.16;8.67;8.7;8.11;54770000.00;-0.05;1
08/05/2020;8.36;8.36;8.59;8.31;33490000.00;0.02;1
11/05/2020;8.29;8.35;8.57;8.29;26840000.00;-0.01;1
12/05/2020;8.06;8.28;8.36;8.04;36760000.00;-0.03;1
13/05/2020;8.09;8.13;8.17;7.85;44270000.00;0.00;1
14/05/2020;8.39;7.98;8.42;7.72;58170000.00;0.04;1
15/05/2020;8.02;8.32;8.41;8.02;30280000.00;-0.04;1
18/05/2020;8.41;8.3;8.45;8.13;41170000.00;0.05;1
19/05/2020;8.11;8.37;8.39;8.08;36890000.00;-0.04;1
20/05/2020;8.12;8.13;8.22;8.08;24750000.00;0.00;1
21/05/2020;8.56;8.15;8.59;8.15;40580000.00;0.05;1
22/05/2020;8.73;8.47;8.88;8.38;42880000.00;0.02;1
25/05/2020;9.1;9.04;9.11;8.91;21620000.00;0.04;1
26/05/2020;8.78;9.16;9.29;8.7;47410000.00;-0.03;1
27/05/2020;8.97;8.95;9.01;8.84;26340000.00;0.02;1
28/05/2020;8.86;8.93;9.07;8.86;20510000.00;-0.01;1
29/05/2020;8.73;8.82;8.83;8.65;55290000.00;-0.02;1
01/06/2020;8.95;8.73;9.03;8.65;38740000.00;0.03;1
02/06/2020;9.42;9.06;9.46;9.03;35790000.00;0.05;1
03/06/2020;9.68;9.74;9.86;9.65;47990000.00;0.03;1
04/06/2020;9.79;9.61;9.9;9.5;42740000.00;0.01;1
05/06/2020;9.91;10.16;10.45;9.87;47660000.00;0.01;1
08/06/2020;10.26;10.04;10.31;10.03;28070000.00;0.04;1
09/06/2020;10.23;10.05;10.38;9.94;31910000.00;0.00;1
10/06/2020;9.9;10.36;10.36;9.88;39800000.00;-0.03;1
12/06/2020;9.66;9.57;9.74;9.43;46760000.00;-0.02;1
15/06/2020;9.44;9.34;9.6;9.29;29710000.00;-0.02;1
16/06/2020;9.63;9.76;9.79;9.52;22170000.00;0.02;1
17/06/2020;9.8;9.68;9.93;9.63;26880000.00;0.02;1
18/06/2020;10.12;9.76;10.22;9.73;30250000.00;0.03;1
19/06/2020;10.27;10.29;10.33;10.08;40740000.00;0.02;1
22/06/2020;10.02;10.24;10.26;9.91;33040000.00;-0.03;1
23/06/2020;9.93;10.15;10.2;9.81;29080000.00;-0.01;1
24/06/2020;9.64;9.9;9.92;9.6;31200000.00;-0.03;1
25/06/2020;9.83;9.7;9.87;9.58;26510000.00;0.02;1
26/06/2020;9.53;9.7;9.78;9.47;40840000.00;-0.03;1
29/06/2020;9.76;9.61;9.77;9.53;44380000.00;0.02;1
30/06/2020;9.47;9.67;9.72;9.46;38470000.00;-0.03;1
01/07/2020;9.66;9.54;9.74;9.51;25430000.00;0.02;1
02/07/2020;9.82;9.81;10.06;9.78;29810000.00;0.02;1
03/07/2020;9.84;9.82;9.91;9.71;10470000.00;0.00;1
06/07/2020;10.23;10.05;10.25;9.98;25650000.00;0.04;1
07/07/2020;9.86;10.15;10.18;9.84;42800000.00;-0.04;1
08/07/2020;10.04;9.95;10.09;9.91;21940000.00;0.02;1
09/07/2020;10.07;10.06;10.11;9.94;23000000.00;0.00;1
10/07/2020;10.1;10.02;10.13;9.94;15740000.00;0.00;1
13/07/2020;9.91;10.12;10.19;9.91;20470000.00;-0.02;1
14/07/2020;10.03;9.92;10.05;9.82;18970000.00;0.01;1
15/07/2020;10.14;10.12;10.22;10.05;20250000.00;0.01;1
16/07/2020;10.02;10.07;10.12;10;13320000.00;-0.01;1
17/07/2020;10.14;10.06;10.2;10.03;20780000.00;0.01;1
20/07/2020;10.28;10.17;10.34;10.09;28660000.00;0.01;1
21/07/2020;10.38;10.36;10.49;10.33;26410000.00;0.01;1
22/07/2020;10.38;10.43;10.6;10.28;67730000.00;0.00;1
23/07/2020;10.24;10.39;10.44;10.22;29760000.00;-0.01;1
24/07/2020;10.31;10.2;10.47;10.09;39380000.00;0.01;1
27/07/2020;10.88;10.33;10.95;10.3;46290000.00;0.05;1
28/07/2020;10.74;10.81;10.96;10.74;26710000.00;-0.01;1
29/07/2020;10.99;10.93;11.01;10.77;25140000.00;0.02;1
30/07/2020;10.77;10.83;10.89;10.62;34040000.00;-0.02;1
31/07/2020;10.53;10.82;10.83;10.47;34220000.00;-0.02;1
03/08/2020;10.56;10.59;10.76;10.39;25880000.00;0.00;1
04/08/2020;10.08;10.27;10.45;10;61060000.00;-0.05;1
05/08/2020;10.07;10.21;10.25;9.93;35860000.00;0.00;1
06/08/2020;10.19;10.09;10.25;10.01;23990000.00;0.01;1
07/08/2020;10.08;10.07;10.35;10;34540000.00;-0.01;1
10/08/2020;10.23;10.12;10.28;10.03;21480000.00;0.01;1
11/08/2020;10.07;10.28;10.33;10.07;17800000.00;-0.02;1
12/08/2020;9.98;10.13;10.15;9.84;35990000.00;-0.01;1
13/08/2020;9.73;10.04;10.12;9.72;32820000.00;-0.02;1
14/08/2020;9.8;9.78;9.92;9.71;21750000.00;0.01;1
17/08/2020;9.5;9.76;9.78;9.44;35410000.00;-0.03;1
18/08/2020;9.69;9.72;9.74;9.6;29930000.00;0.02;1
19/08/2020;9.62;9.74;9.75;9.62;22370000.00;-0.01;1
20/08/2020;9.56;9.48;9.64;9.42;31760000.00;-0.01;1
21/08/2020;9.62;9.54;9.62;9.49;22160000.00;0.01;1
24/08/2020;9.72;9.67;9.86;9.67;19400000.00;0.01;1
25/08/2020;9.64;9.79;9.81;9.59;22220000.00;-0.01;1
26/08/2020;9.5;9.64;9.66;9.37;23280000.00;-0.01;1
27/08/2020;9.58;9.49;9.74;9.48;21180000.00;0.01;1
28/08/2020;9.67;9.66;9.7;9.57;20910000.00;0.01;1
31/08/2020;9.33;9.62;9.62;9.33;38190000.00;-0.04;1
01/09/2020;9.63;9.46;9.63;9.44;25130000.00;0.03;1
02/09/2020;9.51;9.65;9.67;9.45;25120000.00;-0.01;1
03/09/2020;9.7;9.5;9.94;9.49;37800000.00;0.02;1
04/09/2020;9.68;9.78;9.83;9.62;23940000.00;0.00;1
08/09/2020;9.55;9.56;9.63;9.49;22560000.00;-0.01;1
09/09/2020;9.59;9.61;9.69;9.53;16400000.00;0.00;1
10/09/2020;9.38;9.58;9.63;9.35;26150000.00;-0.02;1
11/09/2020;9.19;9.4;9.41;9.14;25240000.00;-0.02;1
14/09/2020;9.3;9.31;9.37;9.15;17220000.00;0.01;1
15/09/2020;9.18;9.41;9.41;9.16;28830000.00;-0.01;1
16/09/2020;9.18;9.22;9.36;9.15;28600000.00;0.00;1
17/09/2020;9.17;9.12;9.25;9.07;28560000.00;0.00;1
18/09/2020;8.91;9.13;9.15;8.91;35920000.00;-0.03;1
21/09/2020;8.9;8.81;8.92;8.71;38300000.00;0.00;1
22/09/2020;8.9;8.92;9.01;8.83;22930000.00;0.00;1
23/09/2020;8.72;8.86;8.93;8.72;23530000.00;-0.02;1
24/09/2020;8.95;8.77;9.08;8.72;26020000.00;0.03;1
25/09/2020;8.94;8.92;8.99;8.85;14110000.00;0.00;1
28/09/2020;8.89;9.07;9.24;8.79;30620000.00;-0.01;1
29/09/2020;8.74;8.9;8.91;8.72;24790000.00;-0.02;1
30/09/2020;8.72;8.8;8.85;8.72;27180000.00;0.00;1
01/10/2020;8.82;8.77;8.84;8.68;22480000.00;0.01;1
02/10/2020;8.84;8.79;9.09;8.76;25260000.00;0.00;1
05/10/2020;8.88;8.85;8.93;8.71;30810000.00;0.00;1
06/10/2020;8.9;8.97;9.06;8.82;26650000.00;0.00;1
07/10/2020;8.82;8.92;8.94;8.8;20450000.00;-0.01;1
08/10/2020;9.25;8.83;9.28;8.8;47830000.00;0.05;1
09/10/2020;9.28;9.2;9.44;9.09;33860000.00;0.00;1
13/10/2020;9.24;9.32;9.33;9.15;22220000.00;0.00;1
14/10/2020;9.21;9.24;9.29;9.16;18750000.00;0.00;1
15/10/2020;9.17;9.1;9.21;9.04;18750000.00;0.00;1
16/10/2020;8.99;9.12;9.15;8.98;31020000.00;-0.02;1
19/10/2020;9.14;9.05;9.31;8.99;27850000.00;0.02;1
20/10/2020;9.42;9.21;9.49;9.2;28590000.00;0.03;1
21/10/2020;9.46;9.42;9.64;9.32;30030000.00;0.00;1
22/10/2020;9.81;9.49;9.87;9.47;51810000.00;0.04;1
23/10/2020;9.75;9.86;10.01;9.73;35700000.00;-0.01;1
26/10/2020;9.82;9.75;9.87;9.63;23520000.00;0.01;1
27/10/2020;9.54;9.91;9.98;9.51;31500000.00;-0.03;1
28/10/2020;9.1;9.3;9.38;9.08;32920000.00;-0.05;1
29/10/2020;9.15;9.08;9.18;8.84;36080000.00;0.01;1
30/10/2020;9.01;9.08;9.15;8.94;32750000.00;-0.02;1
03/11/2020;9.1;9.11;9.24;9.03;29440000.00;0.01;1
04/11/2020;9.31;9.55;9.58;9.25;61290000.00;0.02;1
05/11/2020;9.69;9.47;9.77;9.45;61530000.00;0.04;1
06/11/2020;9.74;9.64;9.79;9.61;19950000.00;0.01;1
09/11/2020;10.34;10.21;10.47;10.03;75740000.00;0.06;1
10/11/2020;10.67;10.34;10.73;10.31;61710000.00;0.03;1
11/11/2020;10.51;10.64;10.65;10.38;34070000.00;-0.02;1
12/11/2020;10.38;10.48;10.59;10.26;30740000.00;-0.01;1
13/11/2020;10.56;10.47;10.58;10.39;23630000.00;0.02;1
16/11/2020;10.78;10.7;10.87;10.64;72330000.00;0.02;1
17/11/2020;10.81;10.75;10.81;10.59;36170000.00;0.00;1
18/11/2020;10.61;10.74;10.8;10.59;32340000.00;-0.02;1
19/11/2020;10.63;10.64;10.75;10.58;33960000.00;0.00;1
20/11/2020;10.54;10.61;10.67;10.47;26270000.00;-0.01;1
23/11/2020;10.62;10.63;10.71;10.56;31460000.00;0.01;1
24/11/2020;10.84;10.67;10.98;10.67;40250000.00;0.02;1
25/11/2020;10.69;10.81;10.86;10.64;31670000.00;-0.01;1
26/11/2020;10.62;10.62;10.65;10.49;28280000.00;-0.01;1
27/11/2020;10.77;10.68;10.97;10.65;39040000.00;0.01;1
30/11/2020;10.49;10.77;10.81;10.49;65150000.00;-0.03;1
01/12/2020;10.94;10.65;11.03;10.61;39750000.00;0.04;1
02/12/2020;10.93;10.95;11.02;10.81;19650000.00;0.00;1
03/12/2020;11.09;10.97;11.34;10.92;42990000.00;0.01;1
04/12/2020;11.11;11.16;11.19;10.97;24140000.00;0.00;1
07/12/2020;11.16;11.07;11.29;10.98;26760000.00;0.00;1
08/12/2020;11.11;11.2;11.31;11;24680000.00;0.00;1
09/12/2020;11.17;11.07;11.19;11.05;19710000.00;0.01;1
10/12/2020;11.4;11.17;11.43;11.16;37990000.00;0.02;1
11/12/2020;11.41;11.31;11.45;11.22;15690000.00;0.00;1
14/12/2020;11.28;11.45;11.5;11.28;16510000.00;-0.01;1
15/12/2020;11.5;11.34;11.56;11.3;22880000.00;0.02;1
16/12/2020;11.66;11.5;11.73;11.34;29020000.00;0.01;1
17/12/2020;11.67;11.66;11.81;11.59;16920000.00;0.00;1
18/12/2020;11.56;11.65;11.75;11.54;18060000.00;-0.01;1
21/12/2020;11.38;11.35;11.54;11.24;23740000.00;-0.02;1
22/12/2020;11.4;11.41;11.59;11.35;17250000.00;0.00;1
23/12/2020;11.67;11.46;11.72;11.4;27600000.00;0.02;1
28/12/2020;11.8;11.74;11.8;11.67;12860000.00;0.01;1
29/12/2020;11.87;11.81;11.88;11.74;16010000.00;0.01;1
30/12/2020;11.73;11.89;11.94;11.7;23950000.00;-0.01;1
04/01/2021;11.55;11.84;11.84;11.43;39140000.00;-0.02;1
05/01/2021;11.46;11.48;11.5;11.26;27440000.00;-0.01;1
06/01/2021;11.71;11.46;11.84;11.41;31000000.00;0.02;1
07/01/2021;12.16;11.71;12.22;11.63;40120000.00;0.04;1
08/01/2021;12.13;12.25;12.35;12.02;26030000.00;0.00;1
11/01/2021;11.85;12.03;12.07;11.74;24380000.00;-0.02;1
12/01/2021;11.94;11.9;11.99;11.82;20080000.00;0.01;1
13/01/2021;11.82;11.98;12.07;11.66;26200000.00;-0.01;1
14/01/2021;12.08;11.89;12.1;11.82;21170000.00;0.02;1
15/01/2021;11.61;11.87;11.94;11.6;31320000.00;-0.04;1
18/01/2021;11.63;11.75;11.81;11.55;17300000.00;0.00;1
19/01/2021;11.45;11.7;11.75;11.34;22950000.00;-0.02;1
20/01/2021;11.27;11.46;11.5;11.17;23250000.00;-0.02;1
21/01/2021;11.04;11.3;11.33;11.01;41140000.00;-0.02;1
22/01/2021;10.88;10.84;10.96;10.79;27850000.00;-0.01;1
26/01/2021;10.62;10.86;11.06;10.54;40750000.00;-0.02;1
27/01/2021;10.58;10.59;10.73;10.44;31750000.00;0.00;1
28/01/2021;10.97;10.56;10.99;10.56;26440000.00;0.04;1
29/01/2021;10.61;10.85;10.97;10.61;30920000.00;-0.03;1
01/02/2021;10.79;10.79;10.95;10.75;34190000.00;0.02;1
02/02/2021;10.81;10.85;10.92;10.55;76870000.00;0.00;1
03/02/2021;10.82;10.82;11.02;10.77;27410000.00;0.00;1
04/02/2021;10.82;10.85;10.9;10.75;32970000.00;0.00;1
05/02/2021;10.76;10.84;10.89;10.7;18730000.00;-0.01;1
08/02/2021;10.6;10.73;10.75;10.58;26020000.00;-0.01;1
09/02/2021;10.69;10.58;10.84;10.49;26910000.00;0.01;1
10/02/2021;10.62;10.69;10.78;10.55;32310000.00;-0.01;1
11/02/2021;10.64;10.69;10.77;10.59;14800000.00;0.00;1
12/02/2021;10.6;10.62;10.67;10.47;21740000.00;0.00;1
17/02/2021;10.54;10.6;10.62;10.45;32910000.00;-0.01;1
18/02/2021;10.35;10.51;10.61;10.35;44200000.00;-0.02;1
19/02/2021;10.25;10.35;10.43;10.23;29280000.00;-0.01;1
22/02/2021;9.78;10.01;10.02;9.72;67080000.00;-0.05;1
23/02/2021;10.52;9.92;10.55;9.92;63720000.00;0.08;1
24/02/2021;10.42;10.6;10.62;10.37;38280000.00;-0.01;1
25/02/2021;10.08;10.43;10.52;10.06;49220000.00;-0.03;1
26/02/2021;9.95;10.12;10.27;9.92;42480000.00;-0.01;1
01/03/2021;9.62;10.1;10.15;9.62;41490000.00;-0.03;1
02/03/2021;9.9;9.5;9.98;9.32;47100000.00;0.03;1
03/03/2021;9.99;9.85;10.08;9.59;55470000.00;0.01;1
04/03/2021;10.21;10;10.43;9.98;58050000.00;0.02;1
05/03/2021;10.37;10.3;10.49;10.2;33300000.00;0.02;1
08/03/2021;9.96;10.17;10.4;9.93;38260000.00;-0.04;1
09/03/2021;10.05;10.04;10.22;9.85;28990000.00;0.01;1
10/03/2021;10.31;10.07;10.31;9.93;41920000.00;0.03;1
11/03/2021;10.28;10.37;10.45;10.11;28650000.00;0.00;1
12/03/2021;10.2;10.16;10.28;10.12;18530000.00;-0.01;1
15/03/2021;10.23;10.14;10.29;10.1;18710000.00;0.00;1
16/03/2021;10.08;10.2;10.27;10;19380000.00;-0.01;1
17/03/2021;10.37;10.04;10.38;9.99;26330000.00;0.03;1
18/03/2021;10.47;10.32;10.6;10.32;33390000.00;0.01;1
19/03/2021;10.44;10.54;10.58;10.32;46120000.00;0.00;1
22/03/2021;10.52;10.36;10.55;10.23;30070000.00;0.01;1
23/03/2021;10.26;10.41;10.54;10.26;21300000.00;-0.02;1
24/03/2021;10.05;10.3;10.31;10.03;23600000.00;-0.02;1
25/03/2021;10.26;10.02;10.26;9.97;24740000.00;0.02;1
26/03/2021;10.36;10.18;10.38;10.17;21190000.00;0.01;1
29/03/2021;10.32;10.28;10.37;10.17;18090000.00;0.00;1
